PacketID,Payload,SourceAgent,TargetRow,TargetCol,Mode,SendTime,ReceptionTime,Latency,DestinationAgent,Status
152aed_1_5_0,0x152aed,0,1,5,0,195,445,250,12,RECEIVED
28072e_4_5_0,0x28072e,1,4,5,0,445,785,340,15,RECEIVED
76c847_1_5_1,0x76c847,2,1,5,1,565,845,280,12,RECEIVED
6d6c64_0_3_1,0x6d6c64,3,0,3,1,665,855,190,2,RECEIVED
70f23c_4_5_1,0x70f23c,4,4,5,1,765,1065,300,15,RECEIVED
12aa0b_0_1_1,0x12aa0b,5,0,1,1,1015,1025,10,0,RECEIVED
364219_5_3_1,0x364219,6,5,3,1,1135,1595,460,10,RECEIVED
562933_0_4_1,0x562933,7,0,4,1,1305,1585,280,3,RECEIVED
a9543_2_5_0,0xa9543,8,2,5,0,1445,1815,370,13,RECEIVED
50dc78_5_1_1,0x50dc78,9,5,1,1,1685,1965,280,8,RECEIVED
5a1fc8_0_2_1,0x5a1fc8,10,0,2,1,1905,2005,100,1,RECEIVED
5c0f5c_2_0_1,0x5c0f5c,11,2,0,1,2145,2245,100,5,RECEIVED
7a25b6_5_1_0,0x7a25b6,12,5,1,0,2325,2605,280,8,RECEIVED
722d94_1_0_1,0x722d94,13,1,0,1,2605,2615,10,4,RECEIVED
5e1dfb_0_2_1,0x5e1dfb,14,0,2,1,2765,2865,100,1,RECEIVED
56f3c1_0_1_0,0x56f3c1,15,0,1,0,2875,2885,10,0,RECEIVED
36ea90_5_3_0,0x36ea90,0,5,3,0,3055,3315,260,10,RECEIVED
769ef5_4_5_0,0x769ef5,1,4,5,0,3335,3825,490,15,RECEIVED
26ccc1_3_0_1,0x26ccc1,2,3,0,1,3485,3675,190,6,RECEIVED
613eb1_0_3_0,0x613eb1,3,0,3,0,3595,3785,190,2,RECEIVED
2c46cf_0_3_1,0x2c46cf,4,0,3,1,3795,3985,190,2,RECEIVED
42018a_4_0_0,0x42018a,5,4,0,0,4085,4365,280,7,RECEIVED
2e8812_3_5_0,0x2e8812,6,3,5,0,4185,4645,460,14,RECEIVED
7b7151_5_2_0,0x7b7151,7,5,2,0,4375,4545,170,9,RECEIVED
1c467a_0_1_1,0x1c467a,8,0,1,1,4595,4605,10,0,RECEIVED
659421_5_2_1,0x659421,9,5,2,1,4755,5105,350,9,RECEIVED
4e6f7d_3_0_0,0x4e6f7d,10,3,0,0,5045,5235,190,6,RECEIVED
3f778c_2_0_1,0x3f778c,11,2,0,1,5335,5435,100,5,RECEIVED
5dd760_5_4_1,0x5dd760,12,5,4,1,5435,5945,510,11,RECEIVED
4d6ead_1_5_0,0x4d6ead,13,1,5,0,5585,5865,280,12,RECEIVED
6dedb8_0_1_1,0x6dedb8,14,0,1,1,5685,5695,10,0,RECEIVED
560232_5_3_1,0x560232,15,5,3,1,5815,6275,460,10,RECEIVED
5fd735_3_0_1,0x5fd735,0,3,0,1,5915,6105,190,6,RECEIVED
7a9139_0_2_0,0x7a9139,1,0,2,0,6125,6225,100,1,RECEIVED
4c7ae1_5_1_1,0x4c7ae1,2,5,1,1,6335,6615,280,8,RECEIVED
b9bb_1_5_1,0xb9bb,3,1,5,1,6465,6745,280,12,RECEIVED
73de99_5_3_0,0x73de99,4,5,3,0,6605,7005,400,10,RECEIVED
6c2fe5_2_5_0,0x6c2fe5,5,2,5,0,6705,7075,370,13,RECEIVED
3649af_4_5_1,0x3649af,6,4,5,1,6915,7445,530,15,RECEIVED
7a7f56_4_5_1,0x7a7f56,7,4,5,1,7075,7625,550,15,RECEIVED
14345b_2_0_1,0x14345b,8,2,0,1,7285,7385,100,5,RECEIVED
36e0da_5_3_1,0x36e0da,9,5,3,1,7465,7925,460,10,RECEIVED
41c5ed_5_3_0,0x41c5ed,10,5,3,0,7705,8105,400,10,RECEIVED
13b050_4_5_1,0x13b050,11,4,5,1,7885,8415,530,15,RECEIVED
6d6b5a_0_1_1,0x6d6b5a,12,0,1,1,8035,8045,10,0,RECEIVED
55da71_1_0_1,0x55da71,13,1,0,1,8135,8145,10,4,RECEIVED
1dbde1_5_1_0,0x1dbde1,14,5,1,0,8345,8625,280,8,RECEIVED
6d0862_0_4_0,0x6d0862,15,0,4,0,8435,8715,280,3,RECEIVED
307b23_0_3_1,0x307b23,0,0,3,1,8715,8905,190,2,RECEIVED
34a0a2_1_5_0,0x34a0a2,1,1,5,0,8965,9245,280,12,RECEIVED
2fefab_5_1_0,0x2fefab,2,5,1,0,9065,9345,280,8,RECEIVED
2ea45d_4_0_1,0x2ea45d,3,4,0,1,9315,9595,280,7,RECEIVED
e7349_0_1_1,0xe7349,4,0,1,1,9575,9585,10,0,RECEIVED
40941b_2_5_1,0x40941b,5,2,5,1,9835,10145,310,13,RECEIVED
38873_4_5_1,0x38873,6,4,5,1,10025,10575,550,15,RECEIVED
7bd8ff_1_5_1,0x7bd8ff,7,1,5,1,10295,10575,280,12,RECEIVED
1d6160_2_5_1,0x1d6160,8,2,5,1,10565,10935,370,13,RECEIVED
7f353b_2_5_1,0x7f353b,9,2,5,1,10745,11115,370,13,RECEIVED
1ad8d7_5_3_1,0x1ad8d7,10,5,3,1,10925,11385,460,10,RECEIVED
6167e5_4_5_1,0x6167e5,11,4,5,1,11065,11615,550,15,RECEIVED
493e3b_1_0_0,0x493e3b,12,1,0,0,11275,11285,10,4,RECEIVED
23c731_2_5_0,0x23c731,13,2,5,0,11425,11735,310,13,RECEIVED
302c66_1_0_1,0x302c66,14,1,0,1,11695,11705,10,4,RECEIVED
7e1447_3_0_0,0x7e1447,15,3,0,0,11945,12135,190,6,RECEIVED
152291_4_5_0,0x152291,0,4,5,0,12135,12625,490,15,RECEIVED
663574_1_5_0,0x663574,1,1,5,0,12235,12515,280,12,RECEIVED
4ab6bb_0_3_1,0x4ab6bb,2,0,3,1,12515,12705,190,2,RECEIVED
7eeeef_0_1_0,0x7eeeef,3,0,1,0,12755,12765,10,0,RECEIVED
6acadd_5_1_0,0x6acadd,4,5,1,0,12915,13195,280,8,RECEIVED
470471_2_5_1,0x470471,5,2,5,1,13145,13495,350,13,RECEIVED
7d3e8e_5_1_0,0x7d3e8e,6,5,1,0,13335,13615,280,8,RECEIVED
71ac35_0_3_1,0x71ac35,7,0,3,1,13435,13625,190,2,RECEIVED
116b4_5_3_1,0x116b4,8,5,3,1,13725,14185,460,10,RECEIVED
767e44_5_2_0,0x767e44,9,5,2,0,13865,14135,270,9,RECEIVED
62ff8a_2_0_1,0x62ff8a,10,2,0,1,14005,14105,100,5,RECEIVED
10e80e_3_0_0,0x10e80e,11,3,0,0,14145,14335,190,6,RECEIVED
31d654_0_2_0,0x31d654,12,0,2,0,14355,14455,100,1,RECEIVED
1d606a_3_5_1,0x1d606a,13,3,5,1,14485,14885,400,14,RECEIVED
2ecd0a_1_0_1,0x2ecd0a,14,1,0,1,14575,14585,10,4,RECEIVED
58c786_2_5_0,0x58c786,15,2,5,0,14795,15105,310,13,RECEIVED
6bd407_2_5_1,0x6bd407,0,2,5,1,14925,15185,260,13,RECEIVED
55a065_3_5_1,0x55a065,1,3,5,1,15035,15345,310,14,RECEIVED
6fe4d4_2_0_0,0x6fe4d4,2,2,0,0,15275,15455,180,5,RECEIVED
6b0e4f_5_3_1,0x6b0e4f,3,5,3,1,15455,15825,370,10,RECEIVED
562f07_1_5_1,0x562f07,4,1,5,1,15555,15745,190,12,RECEIVED
610da3_5_3_1,0x610da3,5,5,3,1,15835,16205,370,10,RECEIVED
211226_2_5_1,0x211226,6,2,5,1,16075,16355,280,13,RECEIVED
3c6220_3_0_0,0x3c6220,7,3,0,0,16265,16545,280,6,RECEIVED
48b8f8_1_5_1,0x48b8f8,8,1,5,1,16475,16665,190,12,RECEIVED
734b78_5_4_1,0x734b78,9,5,4,1,16725,17165,440,11,RECEIVED
4f411b_2_5_1,0x4f411b,10,2,5,1,16875,17155,280,13,RECEIVED
27b54f_5_1_0,0x27b54f,11,5,1,0,17035,17405,370,8,RECEIVED
26f283_4_0_1,0x26f283,12,4,0,1,17235,17545,310,7,RECEIVED
293b61_1_5_0,0x293b61,13,1,5,0,17405,17595,190,12,RECEIVED
7627df_2_0_1,0x7627df,14,2,0,1,17575,17705,130,5,RECEIVED
fbbbb_5_3_0,0xfbbbb,15,5,3,0,17795,17985,190,10,RECEIVED
6f24c3_2_5_1,0x6f24c3,0,2,5,1,18065,18325,260,13,RECEIVED
57ede7_0_3_1,0x57ede7,1,0,3,1,18225,18325,100,2,RECEIVED
6433_2_0_0,0x6433,2,2,0,0,18415,18585,170,5,RECEIVED
3ade35_1_0_1,0x3ade35,3,1,0,1,18615,18715,100,4,RECEIVED
7559fd_5_1_1,0x7559fd,4,5,1,1,18895,19265,370,8,RECEIVED
2e6b73_3_0_0,0x2e6b73,5,3,0,0,19085,19365,280,6,RECEIVED
7dafd0_0_1_0,0x7dafd0,6,0,1,0,19355,19455,100,0,RECEIVED
25a0f3_5_1_1,0x25a0f3,7,5,1,1,19595,19965,370,8,RECEIVED
248d86_1_0_1,0x248d86,8,1,0,1,19695,19795,100,4,RECEIVED
2d29a7_5_2_1,0x2d29a7,9,5,2,1,19925,20205,280,9,RECEIVED
1dd5e1_4_0_1,0x1dd5e1,10,4,0,1,20155,20525,370,7,RECEIVED
30baa8_4_0_1,0x30baa8,11,4,0,1,20435,20805,370,7,RECEIVED
5626c0_1_5_1,0x5626c0,12,1,5,1,20525,20715,190,12,RECEIVED
39a437_0_2_0,0x39a437,13,0,2,0,20655,20665,10,1,RECEIVED
52b21b_5_4_0,0x52b21b,14,5,4,0,20905,21185,280,11,RECEIVED
76d2fc_3_5_1,0x76d2fc,15,3,5,1,21035,21365,330,14,RECEIVED
418c90_0_1_1,0x418c90,0,0,1,1,21255,21355,100,0,RECEIVED
7628ae_1_5_0,0x7628ae,1,1,5,0,21445,21635,190,12,RECEIVED
3897a4_4_5_0,0x3897a4,2,4,5,0,21645,22045,400,15,RECEIVED
813bd_0_3_1,0x813bd,3,0,3,1,21895,21995,100,2,RECEIVED
375639_5_3_0,0x375639,4,5,3,0,22015,22265,250,10,RECEIVED
5048da_2_0_1,0x5048da,5,2,0,1,22225,22355,130,5,RECEIVED
62f1f1_1_0_1,0x62f1f1,6,1,0,1,22415,22515,100,4,RECEIVED
6d2c1_5_3_1,0x6d2c1,7,5,3,1,22645,22995,350,10,RECEIVED
2195d9_3_5_0,0x2195d9,8,3,5,0,22765,23135,370,14,RECEIVED
93d76_1_0_0,0x93d76,9,1,0,0,22875,22975,100,4,RECEIVED
6143ea_0_3_1,0x6143ea,10,0,3,1,23145,23245,100,2,RECEIVED
9c987_0_2_0,0x9c987,11,0,2,0,23305,23315,10,1,RECEIVED
5d3e8b_5_1_0,0x5d3e8b,12,5,1,0,23495,23825,330,8,RECEIVED
6321fe_0_1_0,0x6321fe,13,0,1,0,23605,23705,100,0,RECEIVED
2139ee_3_0_0,0x2139ee,14,3,0,0,23865,24145,280,6,RECEIVED
2b0cb1_1_5_1,0x2b0cb1,15,1,5,1,24135,24325,190,12,RECEIVED
272eea_0_1_0,0x272eea,0,0,1,0,24305,24405,100,0,RECEIVED
5ba5c3_0_4_1,0x5ba5c3,1,0,4,1,24425,24615,190,3,RECEIVED
78c382_0_1_1,0x78c382,2,0,1,1,24515,24615,100,0,RECEIVED
5fec84_2_0_1,0x5fec84,3,2,0,1,24745,24875,130,5,RECEIVED
31535f_5_1_1,0x31535f,4,5,1,1,24915,25225,310,8,RECEIVED
1a9931_0_2_1,0x1a9931,5,0,2,1,25055,25065,10,1,RECEIVED
7050db_4_0_1,0x7050db,6,4,0,1,25225,25595,370,7,RECEIVED
13efc9_4_5_0,0x13efc9,7,4,5,0,25365,25825,460,15,RECEIVED
58edb9_5_3_1,0x58edb9,8,5,3,1,25625,25995,370,10,RECEIVED
4b2afd_0_1_0,0x4b2afd,9,0,1,0,25915,26015,100,0,RECEIVED
630c88_0_3_1,0x630c88,10,0,3,1,26165,26265,100,2,RECEIVED
65912d_1_0_1,0x65912d,11,1,0,1,26315,26415,100,4,RECEIVED
486fe_4_0_0,0x486fe,12,4,0,0,26485,26815,330,7,RECEIVED
7bd889_4_0_0,0x7bd889,13,4,0,0,26575,26955,380,7,RECEIVED
2c3645_4_5_0,0x2c3645,14,4,5,0,26825,27285,460,15,RECEIVED
dc4f4_2_0_0,0xdc4f4,15,2,0,0,27115,27305,190,5,RECEIVED
2ed7b2_3_0_0,0x2ed7b2,0,3,0,0,27295,27575,280,6,RECEIVED
489ad1_2_5_0,0x489ad1,1,2,5,0,27435,27715,280,13,RECEIVED
5617ba_0_4_1,0x5617ba,2,0,4,1,27615,27805,190,3,RECEIVED
7c74d2_0_2_1,0x7c74d2,3,0,2,1,27825,27835,10,1,RECEIVED
16941a_2_0_0,0x16941a,4,2,0,0,28045,28235,190,5,RECEIVED
52da90_5_1_0,0x52da90,5,5,1,0,28325,28695,370,8,RECEIVED
2a1067_3_0_1,0x2a1067,6,3,0,1,28505,28725,220,6,RECEIVED
39060_5_2_1,0x39060,7,5,2,1,28605,28885,280,9,RECEIVED
18bcd0_0_1_0,0x18bcd0,8,0,1,0,28805,28905,100,0,RECEIVED
5a9537_3_5_1,0x5a9537,9,3,5,1,28995,29325,330,14,RECEIVED
77b9d5_4_0_1,0x77b9d5,10,4,0,1,29155,29465,310,7,RECEIVED
1cc9f7_0_3_1,0x1cc9f7,11,0,3,1,29365,29465,100,2,RECEIVED
24e69d_5_2_0,0x24e69d,12,5,2,0,29645,29925,280,9,RECEIVED
37f4b6_1_5_1,0x37f4b6,13,1,5,1,29745,29935,190,12,RECEIVED
268e8e_4_0_0,0x268e8e,14,4,0,0,30015,30345,330,7,RECEIVED
5f149f_5_1_1,0x5f149f,15,5,1,1,30155,30465,310,8,RECEIVED
5c05b9_0_3_1,0x5c05b9,0,0,3,1,30385,30395,10,2,RECEIVED
4d86ee_0_1_1,0x4d86ee,1,0,1,1,30635,30815,180,0,RECEIVED
67c897_5_3_0,0x67c897,2,5,3,0,30925,31085,160,10,RECEIVED
637a08_0_4_1,0x637a08,3,0,4,1,31085,31185,100,3,RECEIVED
b4553_0_4_0,0xb4553,4,0,4,0,31265,31365,100,3,RECEIVED
53ce_0_3_0,0x53ce,5,0,3,0,31505,31515,10,2,RECEIVED
1876e7_3_5_1,0x1876e7,6,3,5,1,31665,31945,280,14,RECEIVED
1ef094_0_4_0,0x1ef094,7,0,4,0,31925,32025,100,3,RECEIVED
6e592b_3_0_1,0x6e592b,8,3,0,1,32185,32435,250,6,RECEIVED
1a833b_0_3_0,0x1a833b,9,0,3,0,32305,32315,10,2,RECEIVED
3b65a2_3_5_1,0x3b65a2,10,3,5,1,32465,32745,280,14,RECEIVED
2804ae_0_3_0,0x2804ae,11,0,3,0,32595,32605,10,2,RECEIVED
17261c_5_1_0,0x17261c,12,5,1,0,32815,33235,420,8,RECEIVED
4bff4c_5_2_0,0x4bff4c,13,5,2,0,33105,33455,350,9,RECEIVED
a1d43_5_3_0,0xa1d43,14,5,3,0,33225,33505,280,10,RECEIVED
baa97_4_5_1,0xbaa97,15,4,5,1,33445,33795,350,15,RECEIVED
48566b_5_1_0,0x48566b,0,5,1,0,33705,34165,460,8,RECEIVED
7c1d8c_0_2_0,0x7c1d8c,1,0,2,0,33805,33905,100,1,RECEIVED
38a9eb_5_1_1,0x38a9eb,2,5,1,1,33915,34255,340,8,RECEIVED
18d09c_0_2_1,0x18d09c,3,0,2,1,34135,34235,100,1,RECEIVED
490243_0_4_0,0x490243,4,0,4,0,34255,34355,100,3,RECEIVED
3eb47_3_5_1,0x3eb47,5,3,5,1,34505,34785,280,14,RECEIVED
24dc68_5_2_0,0x24dc68,6,5,2,0,34695,35045,350,9,RECEIVED
142892_1_0_0,0x142892,7,1,0,0,34885,35075,190,4,RECEIVED
29d616_0_1_0,0x29d616,8,0,1,0,35015,35205,190,0,RECEIVED
5fe16f_0_1_0,0x5fe16f,9,0,1,0,35205,35395,190,0,RECEIVED
2bcfc7_4_0_1,0x2bcfc7,10,4,0,1,35435,35835,400,7,RECEIVED
1cdea4_0_2_1,0x1cdea4,11,0,2,1,35665,35765,100,1,RECEIVED
3a7ae7_1_0_0,0x3a7ae7,12,1,0,0,35935,36125,190,4,RECEIVED
16b840_5_3_0,0x16b840,13,5,3,0,36035,36315,280,10,RECEIVED
418aed_4_0_0,0x418aed,14,4,0,0,36135,36575,440,7,RECEIVED
3ca7a1_2_0_1,0x3ca7a1,15,2,0,1,36425,36585,160,5,RECEIVED
7a6de0_0_4_1,0x7a6de0,0,0,4,1,36615,36715,100,3,RECEIVED
1978c4_4_0_0,0x1978c4,1,4,0,0,36875,37315,440,7,RECEIVED
183ab4_4_5_0,0x183ab4,2,4,5,0,37005,37255,250,15,RECEIVED
4b1d0b_3_0_1,0x4b1d0b,3,3,0,1,37095,37345,250,6,RECEIVED
16fe2f_1_5_0,0x16fe2f,4,1,5,0,37385,37485,100,12,RECEIVED
5b15d7_4_5_0,0x5b15d7,5,4,5,0,37525,37895,370,15,RECEIVED
74d557_3_0_1,0x74d557,6,3,0,1,37695,38065,370,6,RECEIVED
70cbe7_5_3_1,0x70cbe7,7,5,3,1,37985,38265,280,10,RECEIVED
1dc00a_5_3_0,0x1dc00a,8,5,3,0,38195,38475,280,10,RECEIVED
295202_5_3_1,0x295202,9,5,3,1,38325,38605,280,10,RECEIVED
4f60f3_1_5_0,0x4f60f3,10,1,5,0,38505,38605,100,12,RECEIVED
760ae3_1_0_1,0x760ae3,11,1,0,1,38775,38965,190,4,RECEIVED
15053e_0_3_1,0x15053e,12,0,3,1,38905,38915,10,2,RECEIVED
117ca1_5_1_1,0x117ca1,13,5,1,1,39125,39525,400,8,RECEIVED
26ff9b_5_3_1,0x26ff9b,14,5,3,1,39375,39655,280,10,RECEIVED
74294f_4_0_1,0x74294f,15,4,0,1,39465,39935,470,7,RECEIVED
2195a1_1_5_1,0x2195a1,0,1,5,1,39645,39745,100,12,RECEIVED
e390f_3_5_1,0xe390f,1,3,5,1,39755,40015,260,14,RECEIVED
524fbf_3_0_0,0x524fbf,2,3,0,0,39885,40235,350,6,RECEIVED
17d146_2_5_1,0x17d146,3,2,5,1,40175,40345,170,13,RECEIVED
7c1cff_5_2_1,0x7c1cff,4,5,2,1,40295,40665,370,9,RECEIVED
357e4e_5_1_1,0x357e4e,5,5,1,1,40415,40875,460,8,RECEIVED
657e72_4_0_0,0x657e72,6,4,0,0,40685,41125,440,7,RECEIVED
1c37d1_2_0_1,0x1c37d1,7,2,0,1,40815,41035,220,5,RECEIVED
2d4e4d_0_3_1,0x2d4e4d,8,0,3,1,40995,41005,10,2,RECEIVED
67ab1e_2_0_1,0x67ab1e,9,2,0,1,41185,41465,280,5,RECEIVED
768fd2_5_2_0,0x768fd2,10,5,2,0,41385,0,0,-1,LOST
4c5640_5_1_0,0x4c5640,11,5,1,0,41475,41825,350,8,RECEIVED
751f5_4_5_0,0x751f5,12,4,5,0,41615,41865,250,15,RECEIVED
3a3851_0_4_1,0x3a3851,13,0,4,1,41805,41905,100,3,RECEIVED
16c12a_0_4_0,0x16c12a,14,0,4,0,42055,42155,100,3,RECEIVED
54128f_2_5_0,0x54128f,15,2,5,0,42195,42385,190,13,RECEIVED
5c5401_0_4_1,0x5c5401,0,0,4,1,42385,42485,100,3,RECEIVED
69cbd3_1_0_1,0x69cbd3,1,1,0,1,42545,42735,190,4,RECEIVED
547441_5_1_0,0x547441,2,5,1,0,42745,43205,460,8,RECEIVED
6efca2_4_5_1,0x6efca2,3,4,5,1,42985,43335,350,15,RECEIVED
680664_0_2_1,0x680664,4,0,2,1,43215,43315,100,1,RECEIVED
348af7_3_5_1,0x348af7,5,3,5,1,43345,43605,260,14,RECEIVED
57a4af_5_2_1,0x57a4af,6,5,2,1,43605,43885,280,9,RECEIVED
352fcc_3_0_0,0x352fcc,7,3,0,0,43705,44155,450,6,RECEIVED
3098c9_5_2_1,0x3098c9,8,5,2,1,43985,44445,460,9,RECEIVED
6b2870_1_0_1,0x6b2870,9,1,0,1,44115,44395,280,4,RECEIVED
2fefc_0_4_0,0x2fefc,10,0,4,0,44265,44275,10,3,RECEIVED
15f3f_5_2_1,0x15f3f,11,5,2,1,44465,44925,460,9,RECEIVED
2787e1_5_4_1,0x2787e1,12,5,4,1,44565,44845,280,11,RECEIVED
1c6b19_5_4_0,0x1c6b19,13,5,4,0,44765,45045,280,11,RECEIVED
6f5195_2_0_1,0x6f5195,14,2,0,1,44945,45195,250,5,RECEIVED
40052a_0_4_0,0x40052a,15,0,4,0,45055,45065,10,3,RECEIVED
49d97c_1_5_0,0x49d97c,0,1,5,0,45195,45205,10,12,RECEIVED
15875e_5_2_0,0x15875e,1,5,2,0,45285,45685,400,9,RECEIVED
336903_3_0_1,0x336903,2,3,0,1,45485,45765,280,6,RECEIVED
7f0684_0_2_0,0x7f0684,3,0,2,0,45655,45845,190,1,RECEIVED
c3ce5_2_5_0,0xc3ce5,4,2,5,0,45755,45855,100,13,RECEIVED
5a45d7_0_2_1,0x5a45d7,5,0,2,1,46025,46215,190,1,RECEIVED
8fcbe_0_2_1,0x8fcbe,6,0,2,1,46215,46405,190,1,RECEIVED
64593e_1_5_1,0x64593e,7,1,5,1,46415,46425,10,12,RECEIVED
6762cc_3_5_1,0x6762cc,8,3,5,1,46525,46715,190,14,RECEIVED
4bdd38_1_5_0,0x4bdd38,9,1,5,0,46775,46785,10,12,RECEIVED
3b9a5b_1_5_0,0x3b9a5b,10,1,5,0,46995,47005,10,12,RECEIVED
3e7018_5_2_1,0x3e7018,11,5,2,1,47105,47505,400,9,RECEIVED
f8f73_5_2_0,0xf8f73,12,5,2,0,47325,47745,420,9,RECEIVED
5c1f05_3_5_0,0x5c1f05,13,3,5,0,47415,47605,190,14,RECEIVED
3eee10_3_5_1,0x3eee10,14,3,5,1,47695,47885,190,14,RECEIVED
3e5fd4_5_3_1,0x3e5fd4,15,5,3,1,47985,48355,370,10,RECEIVED
799c7e_4_5_0,0x799c7e,0,4,5,0,48135,48415,280,15,RECEIVED
6f1824_0_3_1,0x6f1824,1,0,3,1,48285,48385,100,2,RECEIVED
ded94_5_3_1,0xded94,2,5,3,1,48435,48805,370,10,RECEIVED
668f9f_0_3_0,0x668f9f,3,0,3,0,48695,48795,100,2,RECEIVED
75ab63_4_0_1,0x75ab63,4,4,0,1,48985,49415,430,7,RECEIVED
71cd13_5_4_1,0x71cd13,5,5,4,1,49155,49435,280,11,RECEIVED
2d0777_0_3_1,0x2d0777,6,0,3,1,49395,49495,100,2,RECEIVED
1aaa0b_5_1_1,0x1aaa0b,7,5,1,1,49625,50175,550,8,RECEIVED
37928c_5_3_1,0x37928c,8,5,3,1,49865,50235,370,10,RECEIVED
2d2ef3_0_2_1,0x2d2ef3,9,0,2,1,50015,50205,190,1,RECEIVED
847f5_0_2_1,0x847f5,10,0,2,1,50285,50475,190,1,RECEIVED
4d6897_3_5_0,0x4d6897,11,3,5,0,50555,50745,190,14,RECEIVED
54806e_0_3_0,0x54806e,12,0,3,0,50725,50825,100,2,RECEIVED
6f93f2_5_4_1,0x6f93f2,13,5,4,1,50995,51275,280,11,RECEIVED
18ee3_5_4_0,0x18ee3,14,5,4,0,51165,51445,280,11,RECEIVED
4ffbe3_3_0_1,0x4ffbe3,15,3,0,1,51315,51715,400,6,RECEIVED
46fd52_3_0_0,0x46fd52,0,3,0,0,51585,52005,420,6,RECEIVED
4f4082_1_0_1,0x4f4082,1,1,0,1,51715,51995,280,4,RECEIVED
379d34_4_0_1,0x379d34,2,4,0,1,51895,52445,550,7,RECEIVED
41cc1e_3_5_1,0x41cc1e,3,3,5,1,52065,52255,190,14,RECEIVED
59e827_2_0_0,0x59e827,4,2,0,0,52215,52585,370,5,RECEIVED
1848a5_4_5_0,0x1848a5,5,4,5,0,52355,52635,280,15,RECEIVED
58de24_0_1_0,0x58de24,6,0,1,0,52545,52825,280,0,RECEIVED
26e1fc_5_2_1,0x26e1fc,7,5,2,1,52735,53195,460,9,RECEIVED
342a3a_5_1_1,0x342a3a,8,5,1,1,53015,53565,550,8,RECEIVED
1e4e8b_5_4_0,0x1e4e8b,9,5,4,0,53265,53545,280,11,RECEIVED
6a0b8d_0_1_0,0x6a0b8d,10,0,1,0,53445,53725,280,0,RECEIVED
2c0f5a_5_4_0,0x2c0f5a,11,5,4,0,53595,53875,280,11,RECEIVED
4eecaf_4_0_0,0x4eecaf,12,4,0,0,53705,54235,530,7,RECEIVED
34058b_2_0_1,0x34058b,13,2,0,1,53915,54165,250,5,RECEIVED
3fbb36_5_3_1,0x3fbb36,14,5,3,1,54155,54525,370,10,RECEIVED
2e815d_4_5_0,0x2e815d,15,4,5,0,54265,54545,280,15,RECEIVED
7f7e5a_3_0_1,0x7f7e5a,0,3,0,1,54355,54765,410,6,RECEIVED
697adf_2_5_1,0x697adf,1,2,5,1,54495,54595,100,13,RECEIVED
74e92f_2_0_0,0x74e92f,2,2,0,0,54745,55095,350,5,RECEIVED
6244da_2_5_1,0x6244da,3,2,5,1,54915,55015,100,13,RECEIVED
2b0b84_0_4_1,0x2b0b84,4,0,4,1,55125,55135,10,3,RECEIVED
f11a4_0_1_0,0xf11a4,5,0,1,0,55245,55525,280,0,RECEIVED
5f14a_5_2_0,0x5f14a,6,5,2,0,55395,55795,400,9,RECEIVED
29ef1b_3_5_1,0x29ef1b,7,3,5,1,55535,55725,190,14,RECEIVED
55cea_5_3_0,0x55cea,8,5,3,0,55685,55995,310,10,RECEIVED
263067_0_4_0,0x263067,9,0,4,0,55945,55955,10,3,RECEIVED
48ee2d_5_2_1,0x48ee2d,10,5,2,1,56135,56475,340,9,RECEIVED
cc45_1_5_0,0xcc45,11,1,5,0,56345,56355,10,12,RECEIVED
34d8cb_1_0_1,0x34d8cb,12,1,0,1,56475,56755,280,4,RECEIVED
49d843_2_5_1,0x49d843,13,2,5,1,56615,56715,100,13,RECEIVED
730d6e_1_5_0,0x730d6e,14,1,5,0,56745,56755,10,12,RECEIVED
51463b_2_5_0,0x51463b,15,2,5,0,56995,57095,100,13,RECEIVED
2e0eb8_3_0_0,0x2e0eb8,0,3,0,0,57265,57705,440,6,RECEIVED
11fbd6_0_4_1,0x11fbd6,1,0,4,1,57465,57475,10,3,RECEIVED
37041e_0_4_1,0x37041e,2,0,4,1,57695,57705,10,3,RECEIVED
76ec2_5_3_0,0x76ec2,3,5,3,0,57975,58325,350,10,RECEIVED
36d358_0_1_1,0x36d358,4,0,1,1,58075,58335,260,0,RECEIVED
eda65_1_0_0,0xeda65,5,1,0,0,58215,58435,220,4,RECEIVED
3adcb4_4_5_1,0x3adcb4,6,4,5,1,58385,58855,470,15,RECEIVED
6ce057_0_1_1,0x6ce057,7,0,1,1,58495,58505,10,0,RECEIVED
230474_4_5_0,0x230474,8,4,5,0,58785,59145,360,15,RECEIVED
754fe3_3_0_1,0x754fe3,9,3,0,1,58905,59095,190,6,RECEIVED
5da6b9_0_2_1,0x5da6b9,10,0,2,1,59125,59225,100,1,RECEIVED
6aabea_5_3_0,0x6aabea,11,5,3,0,59255,59655,400,10,RECEIVED
503b6e_4_0_0,0x503b6e,12,4,0,0,59345,59625,280,7,RECEIVED
60d383_1_5_0,0x60d383,13,1,5,0,59545,59825,280,12,RECEIVED
4df9ef_5_4_1,0x4df9ef,14,5,4,1,59835,60345,510,11,RECEIVED
3c1856_4_5_1,0x3c1856,15,4,5,1,60105,60655,550,15,RECEIVED
1df7f4_1_0_0,0x1df7f4,0,1,0,0,60305,60315,10,4,RECEIVED
243155_3_5_1,0x243155,1,3,5,1,60505,60905,400,14,RECEIVED
6f6fce_4_5_1,0x6f6fce,2,4,5,1,60775,61305,530,15,RECEIVED
a13e8_4_5_0,0xa13e8,3,4,5,0,60885,61345,460,15,RECEIVED
672037_0_1_1,0x672037,4,0,1,1,61015,61025,10,0,RECEIVED
3abd47_1_0_0,0x3abd47,5,1,0,0,61175,61185,10,4,RECEIVED
2fa155_0_2_1,0x2fa155,6,0,2,1,61365,61465,100,1,RECEIVED
52cc0a_2_5_1,0x52cc0a,7,2,5,1,61535,61845,310,13,RECEIVED
20b7db_4_5_1,0x20b7db,8,4,5,1,61705,62235,530,15,RECEIVED
367773_4_0_1,0x367773,9,4,0,1,61825,62105,280,7,RECEIVED
7b3617_0_3_0,0x7b3617,10,0,3,0,61925,62115,190,2,RECEIVED
41e6b5_2_0_0,0x41e6b5,11,2,0,0,62015,62115,100,5,RECEIVED
18d6d5_1_5_1,0x18d6d5,12,1,5,1,62125,62405,280,12,RECEIVED
3fe19d_2_0_0,0x3fe19d,13,2,0,0,62265,62365,100,5,RECEIVED
d532_3_0_0,0xd532,14,3,0,0,62505,62695,190,6,RECEIVED
3db241_1_0_1,0x3db241,15,1,0,1,62605,62615,10,4,RECEIVED
2cb61a_0_2_1,0x2cb61a,0,0,2,1,62835,62935,100,1,RECEIVED
47daf_0_3_0,0x47daf,1,0,3,0,63115,63305,190,2,RECEIVED
89e94_3_5_1,0x89e94,2,3,5,1,63235,63675,440,14,RECEIVED
2fa051_0_3_0,0x2fa051,3,0,3,0,63355,63545,190,2,RECEIVED
908d6_0_1_1,0x908d6,4,0,1,1,63595,63605,10,0,RECEIVED
2988f6_5_3_0,0x2988f6,5,5,3,0,63875,64155,280,10,RECEIVED
6e72a7_3_5_1,0x6e72a7,6,3,5,1,64045,64485,440,14,RECEIVED
334dbb_2_5_0,0x334dbb,7,2,5,0,64235,64545,310,13,RECEIVED
667937_0_1_0,0x667937,8,0,1,0,64505,64515,10,0,RECEIVED
46c13b_5_3_1,0x46c13b,9,5,3,1,64625,65065,440,10,RECEIVED
720618_3_0_1,0x720618,10,3,0,1,64865,0,0,-1,LOST
358bde_2_0_0,0x358bde,11,2,0,0,64955,64965,10,5,RECEIVED
63c11_5_2_1,0x63c11,12,5,2,1,65195,65565,370,9,RECEIVED
744e85_3_5_0,0x744e85,13,3,5,0,65335,65735,400,14,RECEIVED
6a2522_0_2_1,0x6a2522,14,0,2,1,65575,65675,100,1,RECEIVED
47b04f_5_2_1,0x47b04f,15,5,2,1,65865,66235,370,9,RECEIVED
5db2b3_5_4_1,0x5db2b3,0,5,4,1,66065,66615,550,11,RECEIVED
37fba2_4_5_0,0x37fba2,1,4,5,0,66275,66765,490,15,RECEIVED
192db6_1_0_0,0x192db6,2,1,0,0,66425,66435,10,4,RECEIVED
1c3d2_0_4_0,0x1c3d2,3,0,4,0,66645,66925,280,3,RECEIVED
3372cd_3_0_0,0x3372cd,4,3,0,0,66845,67035,190,6,RECEIVED
737f0_1_0_1,0x737f0,5,1,0,1,67005,67015,10,4,RECEIVED
c9671_1_0_0,0xc9671,6,1,0,0,67205,67215,10,4,RECEIVED
16cf0f_3_0_0,0x16cf0f,7,3,0,0,67475,67665,190,6,RECEIVED
5f2eca_2_0_0,0x5f2eca,8,2,0,0,67715,67815,100,5,RECEIVED
4705ed_5_2_1,0x4705ed,9,5,2,1,67885,68255,370,9,RECEIVED
78b163_0_2_0,0x78b163,10,0,2,0,68155,68255,100,1,RECEIVED
e0c0c_1_5_0,0xe0c0c,11,1,5,0,68375,68655,280,12,RECEIVED
67ecca_5_1_0,0x67ecca,12,5,1,0,68515,68795,280,8,RECEIVED
79ea67_2_0_1,0x79ea67,13,2,0,1,68665,68765,100,5,RECEIVED
750ea7_2_0_1,0x750ea7,14,2,0,1,68815,68915,100,5,RECEIVED
5d28ef_0_4_0,0x5d28ef,15,0,4,0,69025,69305,280,3,RECEIVED
1ab213_1_0_0,0x1ab213,0,1,0,0,69125,69135,10,4,RECEIVED
3a2380_5_3_1,0x3a2380,1,5,3,1,69285,69745,460,10,RECEIVED
26de90_5_3_0,0x26de90,2,5,3,0,69555,69895,340,10,RECEIVED
3ef87_2_0_1,0x3ef87,3,2,0,1,69795,69895,100,5,RECEIVED
2e3bb5_0_4_0,0x2e3bb5,4,0,4,0,69965,70245,280,3,RECEIVED
16666_5_2_1,0x16666,5,5,2,1,70055,70425,370,9,RECEIVED
7c290_2_0_0,0x7c290,6,2,0,0,70225,70325,100,5,RECEIVED
6d96ef_2_0_1,0x6d96ef,7,2,0,1,70515,70615,100,5,RECEIVED
505b24_5_4_0,0x505b24,8,5,4,0,70665,71215,550,11,RECEIVED
20d281_4_5_1,0x20d281,9,4,5,1,70835,71345,510,15,RECEIVED
793ea8_3_0_1,0x793ea8,10,3,0,1,70925,71125,200,6,RECEIVED
629e71_5_2_1,0x629e71,11,5,2,1,71165,71535,370,9,RECEIVED
4010f9_0_2_0,0x4010f9,12,0,2,0,71375,71545,170,1,RECEIVED
30ae4_2_5_1,0x30ae4,13,2,5,1,71475,71715,240,13,RECEIVED
7cd097_2_0_1,0x7cd097,14,2,0,1,71595,71605,10,5,RECEIVED
426ac8_2_5_1,0x426ac8,15,2,5,1,71875,72155,280,13,RECEIVED
29baa8_0_4_0,0x29baa8,0,0,4,0,71965,72325,360,3,RECEIVED
306499_5_2_0,0x306499,1,5,2,0,72205,72365,160,9,RECEIVED
13a352_1_0_0,0x13a352,2,1,0,0,72365,72415,50,4,RECEIVED
1a81f2_3_5_1,0x1a81f2,3,3,5,1,72505,72815,310,14,RECEIVED
4af62d_0_4_0,0x4af62d,4,0,4,0,72735,73105,370,3,RECEIVED
598e95_1_0_0,0x598e95,5,1,0,0,72985,73085,100,4,RECEIVED
35866d_2_0_0,0x35866d,6,2,0,0,73095,73105,10,5,RECEIVED
31d67b_0_2_0,0x31d67b,7,0,2,0,73325,73515,190,1,RECEIVED
5ca05b_2_5_1,0x5ca05b,8,2,5,1,73525,73805,280,13,RECEIVED
4cf26_0_1_1,0x4cf26,9,0,1,1,73685,73785,100,0,RECEIVED
fedb7_0_1_0,0xfedb7,10,0,1,0,73975,74075,100,0,RECEIVED
48abb0_5_3_1,0x48abb0,11,5,3,1,74175,74525,350,10,RECEIVED
1eae67_3_5_1,0x1eae67,12,3,5,1,74325,74695,370,14,RECEIVED
5cffee_3_0_0,0x5cffee,13,3,0,0,74565,74665,100,6,RECEIVED
6ef430_2_0_0,0x6ef430,14,2,0,0,74795,74805,10,5,RECEIVED
7267bc_2_0_1,0x7267bc,15,2,0,1,75075,75085,10,5,RECEIVED
2cddda_4_0_0,0x2cddda,0,4,0,0,75285,75475,190,7,RECEIVED
f03b5_3_5_1,0xf03b5,1,3,5,1,75475,75845,370,14,RECEIVED
128f0c_1_5_1,0x128f0c,2,1,5,1,75635,75885,250,12,RECEIVED
3d8a73_0_1_0,0x3d8a73,3,0,1,0,75785,75885,100,0,RECEIVED
5ba0de_3_5_1,0x5ba0de,4,3,5,1,75905,76275,370,14,RECEIVED
295578_5_2_1,0x295578,5,5,2,1,76085,76365,280,9,RECEIVED
3f6e34_2_0_1,0x3f6e34,6,2,0,1,76185,76195,10,5,RECEIVED
bd9a3_0_3_0,0xbd9a3,7,0,3,0,76475,76735,260,2,RECEIVED
6b5a8e_2_0_0,0x6b5a8e,8,2,0,0,76615,76625,10,5,RECEIVED
cad70_0_4_1,0xcad70,9,0,4,1,76785,77095,310,3,RECEIVED
7fe85e_1_5_1,0x7fe85e,10,1,5,1,76915,77285,370,12,RECEIVED
384c81_5_4_0,0x384c81,11,5,4,0,77095,77435,340,11,RECEIVED
67e65_4_0_0,0x67e65,12,4,0,0,77305,77495,190,7,RECEIVED
797aa2_0_2_1,0x797aa2,13,0,2,1,77445,77635,190,1,RECEIVED
7a237c_5_4_0,0x7a237c,14,5,4,0,77565,78025,460,11,RECEIVED
6301ee_5_3_0,0x6301ee,15,5,3,0,77775,78025,250,10,RECEIVED
4d7115_0_2_1,0x4d7115,0,0,2,1,77975,78165,190,1,RECEIVED
1d4e5c_5_4_1,0x1d4e5c,1,5,4,1,78135,78555,420,11,RECEIVED
496ab9_5_2_1,0x496ab9,2,5,2,1,78325,78605,280,9,RECEIVED
5d0d62_0_1_0,0x5d0d62,3,0,1,0,78425,78525,100,0,RECEIVED
13482a_4_0_1,0x13482a,4,4,0,1,78555,78745,190,7,RECEIVED
139cb9_3_0_1,0x139cb9,5,3,0,1,78665,78765,100,6,RECEIVED
1ed16_0_2_1,0x1ed16,6,0,2,1,78865,79055,190,1,RECEIVED
5056ef_0_1_0,0x5056ef,7,0,1,0,78995,79095,100,0,RECEIVED
5f50fc_4_5_0,0x5f50fc,8,4,5,0,79105,79505,400,15,RECEIVED
df93_3_5_1,0xdf93,9,3,5,1,79315,79645,330,14,RECEIVED
79d234_3_0_0,0x79d234,10,3,0,0,79495,79595,100,6,RECEIVED
271343_4_0_1,0x271343,11,4,0,1,79705,79895,190,7,RECEIVED
499b44_4_5_0,0x499b44,12,4,5,0,79965,80365,400,15,RECEIVED
438580_5_1_1,0x438580,13,5,1,1,80195,80385,190,8,RECEIVED
7e1791_1_0_0,0x7e1791,14,1,0,0,80395,80495,100,4,RECEIVED
7e075f_5_4_0,0x7e075f,15,5,4,0,80635,81095,460,11,RECEIVED
7f4996_1_0_0,0x7f4996,0,1,0,0,80745,80845,100,4,RECEIVED
3d16f_5_3_0,0x3d16f,1,5,3,0,81005,81255,250,10,RECEIVED
6ef671_4_0_1,0x6ef671,2,4,0,1,81155,81345,190,7,RECEIVED
77d161_5_2_1,0x77d161,3,5,2,1,81375,81655,280,9,RECEIVED
5fb708_0_2_1,0x5fb708,4,0,2,1,81615,81805,190,1,RECEIVED
574ad2_5_3_1,0x574ad2,5,5,3,1,81755,82105,350,10,RECEIVED
6e39a7_2_0_0,0x6e39a7,6,2,0,0,81855,81865,10,5,RECEIVED
49f1fd_0_2_0,0x49f1fd,7,0,2,0,82105,82275,170,1,RECEIVED
3d9a57_0_1_0,0x3d9a57,8,0,1,0,82275,82375,100,0,RECEIVED
7689c3_5_1_0,0x7689c3,9,5,1,0,82375,82565,190,8,RECEIVED
47f6e_0_1_1,0x47f6e,10,0,1,1,82555,82655,100,0,RECEIVED
7a29c8_4_0_0,0x7a29c8,11,4,0,0,82665,82855,190,7,RECEIVED
168ff6_0_3_0,0x168ff6,12,0,3,0,82825,83085,260,2,RECEIVED
528acf_2_0_0,0x528acf,13,2,0,0,82975,82985,10,5,RECEIVED
2a2c0c_0_1_0,0x2a2c0c,14,0,1,0,83105,83205,100,0,RECEIVED
778830_5_2_0,0x778830,15,5,2,0,83315,83475,160,9,RECEIVED
7c66b3_5_4_1,0x7c66b3,0,5,4,1,83535,83955,420,11,RECEIVED
82e73_4_5_0,0x82e73,1,4,5,0,83795,84195,400,15,RECEIVED
355ecd_5_2_1,0x355ecd,2,5,2,1,83975,84165,190,9,RECEIVED
3cb98d_4_5_1,0x3cb98d,3,4,5,1,84195,84545,350,15,RECEIVED
505424_0_3_1,0x505424,4,0,3,1,84295,84495,200,2,RECEIVED
30bbac_5_4_1,0x30bbac,5,5,4,1,84555,84925,370,11,RECEIVED
75d0b8_5_3_1,0x75d0b8,6,5,3,1,84735,85015,280,10,RECEIVED
5df02e_2_0_0,0x5df02e,7,2,0,0,84945,85045,100,5,RECEIVED
634ea_2_0_0,0x634ea,8,2,0,0,85235,85335,100,5,RECEIVED
463d76_4_0_0,0x463d76,9,4,0,0,85325,85425,100,7,RECEIVED
504360_1_0_1,0x504360,10,1,0,1,85505,85695,190,4,RECEIVED
66c685_1_5_1,0x66c685,11,1,5,1,85655,86115,460,12,RECEIVED
700482_1_5_1,0x700482,12,1,5,1,85785,86245,460,12,RECEIVED
30d0f4_0_1_0,0x30d0f4,13,0,1,0,86065,86255,190,0,RECEIVED
2c9633_5_4_0,0x2c9633,14,5,4,0,86215,86465,250,11,RECEIVED
6cae72_1_5_0,0x6cae72,15,1,5,0,86375,86795,420,12,RECEIVED
3151ed_2_5_0,0x3151ed,0,2,5,0,86585,86955,370,13,RECEIVED
2af3fe_4_5_1,0x2af3fe,1,4,5,1,86825,87175,350,15,RECEIVED
69c054_3_5_1,0x69c054,2,3,5,1,87075,87355,280,14,RECEIVED
5badc1_3_0_0,0x5badc1,3,3,0,0,87335,87345,10,6,RECEIVED
ecf3_4_0_1,0xecf3,4,4,0,1,87575,87675,100,7,RECEIVED
6fb77e_5_4_0,0x6fb77e,5,5,4,0,87665,87975,310,11,RECEIVED
2ee0dc_0_4_0,0x2ee0dc,6,0,4,0,87905,88365,460,3,RECEIVED
3fec1b_5_1_1,0x3fec1b,7,5,1,1,88125,88225,100,8,RECEIVED
43ee6a_4_0_0,0x43ee6a,8,4,0,0,88245,88345,100,7,RECEIVED
404526_5_1_1,0x404526,9,5,1,1,88505,88605,100,8,RECEIVED
397146_1_5_1,0x397146,10,1,5,1,88695,89095,400,12,RECEIVED
201473_4_5_1,0x201473,11,4,5,1,88895,89245,350,15,RECEIVED
71121d_2_5_0,0x71121d,12,2,5,0,89055,89425,370,13,RECEIVED
454251_5_4_1,0x454251,13,5,4,1,89265,89635,370,11,RECEIVED
769a78_0_3_1,0x769a78,14,0,3,1,89525,89895,370,2,RECEIVED
169b5d_5_3_1,0x169b5d,15,5,3,1,89695,89975,280,10,RECEIVED
649af2_0_4_1,0x649af2,0,0,4,1,89895,90355,460,3,RECEIVED
33c4e4_5_4_0,0x33c4e4,1,5,4,0,90045,90355,310,11,RECEIVED
79dbde_5_4_0,0x79dbde,2,5,4,0,90205,90575,370,11,RECEIVED
5341c5_4_5_0,0x5341c5,3,4,5,0,90355,90725,370,15,RECEIVED
56de37_4_0_1,0x56de37,4,4,0,1,90645,90745,100,7,RECEIVED
4063f1_2_0_1,0x4063f1,5,2,0,1,90875,90975,100,5,RECEIVED
2d53cf_2_5_0,0x2d53cf,6,2,5,0,91135,91505,370,13,RECEIVED
68d0da_1_5_1,0x68d0da,7,1,5,1,91325,91785,460,12,RECEIVED
276600_1_0_1,0x276600,8,1,0,1,91615,91805,190,4,RECEIVED
6cc41c_2_5_1,0x6cc41c,9,2,5,1,91875,92185,310,13,RECEIVED
12d04b_3_0_0,0x12d04b,10,3,0,0,92035,92045,10,6,RECEIVED
5322c_5_3_0,0x5322c,11,5,3,0,92265,92485,220,10,RECEIVED
6d3008_4_5_1,0x6d3008,12,4,5,1,92395,92725,330,15,RECEIVED
649fa9_2_0_0,0x649fa9,13,2,0,0,92565,92665,100,5,RECEIVED
58e69b_5_1_1,0x58e69b,14,5,1,1,92815,92915,100,8,RECEIVED
4a64f1_5_3_0,0x4a64f1,15,5,3,0,92995,93215,220,10,RECEIVED
5b8e1d_3_0_1,0x5b8e1d,0,3,0,1,93275,93285,10,6,RECEIVED
184a69_5_3_0,0x184a69,1,5,3,0,93545,93825,280,10,RECEIVED
52270_0_1_0,0x52270,2,0,1,0,93805,93995,190,0,RECEIVED
662a91_5_1_1,0x662a91,3,5,1,1,93975,94075,100,8,RECEIVED
23d083_5_4_0,0x23d083,4,5,4,0,94235,94545,310,11,RECEIVED
10e446_3_0_0,0x10e446,5,3,0,0,94365,94375,10,6,RECEIVED
5d787_0_4_0,0x5d787,6,0,4,0,94535,94955,420,3,RECEIVED
69e9bf_3_0_0,0x69e9bf,7,3,0,0,94655,94665,10,6,RECEIVED
1d8a6d_2_0_0,0x1d8a6d,8,2,0,0,94795,94895,100,5,RECEIVED
16961_1_5_1,0x16961,9,1,5,1,95045,95445,400,12,RECEIVED
6713e8_0_2_0,0x6713e8,10,0,2,0,95195,95435,240,1,RECEIVED
1debb9_2_0_1,0x1debb9,11,2,0,1,95435,95535,100,5,RECEIVED
6371aa_2_5_0,0x6371aa,12,2,5,0,95595,95965,370,13,RECEIVED
37ac90_1_5_1,0x37ac90,13,1,5,1,95855,96255,400,12,RECEIVED
7b5d0a_1_5_1,0x7b5d0a,14,1,5,1,96105,96565,460,12,RECEIVED
2991b9_4_0_0,0x2991b9,15,4,0,0,96285,96385,100,7,RECEIVED
747f1b_5_2_0,0x747f1b,0,5,2,0,96555,96685,130,9,RECEIVED
311384_0_1_1,0x311384,1,0,1,1,96735,96925,190,0,RECEIVED
6d2b93_3_0_1,0x6d2b93,2,3,0,1,96895,96905,10,6,RECEIVED
4e6365_0_2_1,0x4e6365,3,0,2,1,97015,97295,280,1,RECEIVED
41b31d_3_0_0,0x41b31d,4,3,0,0,97215,97225,10,6,RECEIVED
bac2a_0_4_0,0xbac2a,5,0,4,0,97455,97895,440,3,RECEIVED
7dcd52_0_2_1,0x7dcd52,6,0,2,1,97605,97885,280,1,RECEIVED
252b1_2_0_0,0x252b1,7,2,0,0,97785,97885,100,5,RECEIVED
7c1643_1_5_0,0x7c1643,8,1,5,0,97915,98385,470,12,RECEIVED
14a02a_0_4_1,0x14a02a,9,0,4,1,98055,98495,440,3,RECEIVED
6f4dba_3_0_1,0x6f4dba,10,3,0,1,98225,98325,100,6,RECEIVED
16cae3_4_5_1,0x16cae3,11,4,5,1,98485,98765,280,15,RECEIVED
7ab33b_4_0_0,0x7ab33b,12,4,0,0,98635,98645,10,7,RECEIVED
35028f_5_3_1,0x35028f,13,5,3,1,98925,99115,190,10,RECEIVED
6daae1_5_1_0,0x6daae1,14,5,1,0,99195,99205,10,8,RECEIVED
7357f1_3_5_1,0x7357f1,15,3,5,1,99305,0,0,-1,LOST
2b2101_1_5_1,0x2b2101,0,1,5,1,99395,99855,460,12,RECEIVED
568f15_4_0_1,0x568f15,1,4,0,1,99485,99495,10,7,RECEIVED
79ecb9_3_5_1,0x79ecb9,2,3,5,1,99715,100025,310,14,RECEIVED
3178f4_0_2_0,0x3178f4,3,0,2,0,99945,100275,330,1,RECEIVED
16ee3b_0_4_1,0x16ee3b,4,0,4,1,100135,100625,490,3,RECEIVED
4de637_0_3_0,0x4de637,5,0,3,0,100265,100665,400,2,RECEIVED
73ec55_0_1_1,0x73ec55,6,0,1,1,100485,100765,280,0,RECEIVED
475637_3_5_0,0x475637,7,3,5,0,100665,101015,350,14,RECEIVED
3f53cb_3_5_0,0x3f53cb,8,3,5,0,100765,101135,370,14,RECEIVED
2c5966_2_5_0,0x2c5966,9,2,5,0,100865,101325,460,13,RECEIVED
5f0793_4_5_0,0x5f0793,10,4,5,0,101055,101335,280,15,RECEIVED
a6598_3_5_1,0xa6598,11,3,5,1,101305,101495,190,14,RECEIVED
3acba_5_3_1,0x3acba,12,5,3,1,101565,101755,190,10,RECEIVED
5bbe6_3_5_1,0x5bbe6,13,3,5,1,101835,102205,370,14,RECEIVED
1b5dba_3_0_1,0x1b5dba,14,3,0,1,102065,102165,100,6,RECEIVED
7530a5_0_2_0,0x7530a5,15,0,2,0,102335,102665,330,1,RECEIVED
3b9581_0_2_0,0x3b9581,0,0,2,0,102595,102965,370,1,RECEIVED
5b073a_2_0_1,0x5b073a,1,2,0,1,102745,102935,190,5,RECEIVED
70cd3a_5_2_1,0x70cd3a,2,5,2,1,102975,103075,100,9,RECEIVED
7406f3_5_4_1,0x7406f3,3,5,4,1,103165,103445,280,11,RECEIVED
6456e6_1_0_1,0x6456e6,4,1,0,1,103415,103695,280,4,RECEIVED
13032e_0_4_0,0x13032e,5,0,4,0,103575,104085,510,3,RECEIVED
18d136_3_5_0,0x18d136,6,3,5,0,103705,104075,370,14,RECEIVED
147d11_5_3_1,0x147d11,7,5,3,1,103815,104005,190,10,RECEIVED
69f89f_5_4_1,0x69f89f,8,5,4,1,104015,104295,280,11,RECEIVED
244655_1_5_1,0x244655,9,1,5,1,104125,104495,370,12,RECEIVED
698931_0_2_1,0x698931,10,0,2,1,104275,104645,370,1,RECEIVED
683d32_3_5_1,0x683d32,11,3,5,1,104485,104735,250,14,RECEIVED
6e2d5d_3_0_0,0x6e2d5d,12,3,0,0,104745,104845,100,6,RECEIVED
feb1a_0_2_1,0xfeb1a,13,0,2,1,104965,105335,370,1,RECEIVED
2c4e70_4_0_1,0x2c4e70,14,4,0,1,105085,105095,10,7,RECEIVED
301906_0_4_0,0x301906,15,0,4,0,105185,105695,510,3,RECEIVED
29e020_0_2_1,0x29e020,0,0,2,1,105435,105805,370,1,RECEIVED
2612e5_0_1_0,0x2612e5,1,0,1,0,105605,105885,280,0,RECEIVED
1a2bb8_5_4_0,0x1a2bb8,2,5,4,0,105765,106045,280,11,RECEIVED
f1a6f_0_1_0,0xf1a6f,3,0,1,0,105895,106175,280,0,RECEIVED
585b9d_3_5_0,0x585b9d,4,3,5,0,106015,106385,370,14,RECEIVED
78cec0_1_5_1,0x78cec0,5,1,5,1,106225,106715,490,12,RECEIVED
7a3a59_1_5_1,0x7a3a59,6,1,5,1,106505,107055,550,12,RECEIVED
29f025_3_5_1,0x29f025,7,3,5,1,106735,107045,310,14,RECEIVED
56a4b7_1_5_0,0x56a4b7,8,1,5,0,106995,107505,510,12,RECEIVED
59f70d_0_4_0,0x59f70d,9,0,4,0,107105,107655,550,3,RECEIVED
7c4241_5_1_0,0x7c4241,10,5,1,0,107355,107365,10,8,RECEIVED
30efda_1_0_0,0x30efda,11,1,0,0,107535,107815,280,4,RECEIVED
3c7cd5_2_0_0,0x3c7cd5,12,2,0,0,107705,107895,190,5,RECEIVED
59bfe0_5_2_0,0x59bfe0,13,5,2,0,107985,108085,100,9,RECEIVED
348ee2_3_0_1,0x348ee2,14,3,0,1,108185,108285,100,6,RECEIVED
1ece4a_5_1_0,0x1ece4a,15,5,1,0,108275,108285,10,8,RECEIVED
6ce805_1_5_1,0x6ce805,0,1,5,1,108475,108965,490,12,RECEIVED
2d8ca3_0_4_1,0x2d8ca3,1,0,4,1,108655,109205,550,3,RECEIVED
3abb5b_1_0_1,0x3abb5b,2,1,0,1,108935,109215,280,4,RECEIVED
299e86_3_0_0,0x299e86,3,3,0,0,109085,109185,100,6,RECEIVED
e34b3_3_5_1,0xe34b3,4,3,5,1,109315,109625,310,14,RECEIVED
1b753a_0_2_1,0x1b753a,5,0,2,1,109565,109935,370,1,RECEIVED
feaa_3_0_0,0xfeaa,6,3,0,0,109755,109855,100,6,RECEIVED
6ed410_5_4_0,0x6ed410,7,5,4,0,109965,110245,280,11,RECEIVED
3135ea_3_5_0,0x3135ea,8,3,5,0,110065,110415,350,14,RECEIVED
61a3f0_0_4_1,0x61a3f0,9,0,4,1,110235,110785,550,3,RECEIVED
2aa631_4_0_0,0x2aa631,10,4,0,0,110445,110455,10,7,RECEIVED
fee19_0_4_1,0xfee19,11,0,4,1,110715,111265,550,3,RECEIVED
597f_1_0_1,0x597f,12,1,0,1,110895,111175,280,4,RECEIVED
34c196_4_5_1,0x34c196,13,4,5,1,111015,111295,280,15,RECEIVED
5ddfd8_0_2_0,0x5ddfd8,14,0,2,0,111215,111545,330,1,RECEIVED
189cd5_2_0_1,0x189cd5,15,2,0,1,111335,111525,190,5,RECEIVED
46cebc_2_0_1,0x46cebc,0,2,0,1,111475,111665,190,5,RECEIVED
5f0df3_3_0_1,0x5f0df3,1,3,0,1,111745,111845,100,6,RECEIVED
6eef43_5_2_0,0x6eef43,2,5,2,0,111945,112045,100,9,RECEIVED
269b3f_0_1_1,0x269b3f,3,0,1,1,112095,112375,280,0,RECEIVED
632f04_5_1_0,0x632f04,4,5,1,0,112235,112245,10,8,RECEIVED
38bcf3_1_5_1,0x38bcf3,5,1,5,1,112365,112855,490,12,RECEIVED
470e99_4_5_0,0x470e99,6,4,5,0,112555,112835,280,15,RECEIVED
488bfa_2_0_0,0x488bfa,7,2,0,0,112825,113015,190,5,RECEIVED
cca09_4_0_1,0xcca09,8,4,0,1,112985,112995,10,7,RECEIVED
2625d1_4_5_0,0x2625d1,9,4,5,0,113205,113485,280,15,RECEIVED
639577_4_0_1,0x639577,10,4,0,1,113475,113485,10,7,RECEIVED
23b47c_5_1_0,0x23b47c,11,5,1,0,113605,113615,10,8,RECEIVED
53727e_3_5_1,0x53727e,12,3,5,1,113705,113955,250,14,RECEIVED
2c35cc_1_5_0,0x2c35cc,13,1,5,0,113935,114445,510,12,RECEIVED
56e0b_5_1_0,0x56e0b,14,5,1,0,114155,114165,10,8,RECEIVED
4fe20a_2_5_0,0x4fe20a,15,2,5,0,114335,114795,460,13,RECEIVED
1fcaa3_5_3_0,0x1fcaa3,0,5,3,0,114455,114645,190,10,RECEIVED
4f505c_0_3_1,0x4f505c,1,0,3,1,114665,115125,460,2,RECEIVED
76339f_0_3_1,0x76339f,2,0,3,1,114755,115225,470,2,RECEIVED
3157e3_3_0_0,0x3157e3,3,3,0,0,114845,114965,120,6,RECEIVED
43cf8f_5_2_0,0x43cf8f,4,5,2,0,114945,115045,100,9,RECEIVED
342096_5_4_1,0x342096,5,5,4,1,115135,115415,280,11,RECEIVED
663b37_4_0_0,0x663b37,6,4,0,0,115405,115415,10,7,RECEIVED
7b5c3e_5_2_1,0x7b5c3e,7,5,2,1,115585,115685,100,9,RECEIVED
1e3e2f_1_0_0,0x1e3e2f,8,1,0,0,115755,116035,280,4,RECEIVED
5d3f9d_1_5_1,0x5d3f9d,9,1,5,1,115905,116395,490,12,RECEIVED
6dc967_3_5_1,0x6dc967,10,3,5,1,116145,116455,310,14,RECEIVED
78c0e9_1_0_0,0x78c0e9,11,1,0,0,116335,116615,280,4,RECEIVED
61ee3d_0_3_0,0x61ee3d,12,0,3,0,116575,116995,420,2,RECEIVED
77e552_5_4_0,0x77e552,13,5,4,0,116835,117115,280,11,RECEIVED
7ec7b3_2_5_0,0x7ec7b3,14,2,5,0,117005,117445,440,13,RECEIVED
1e4ea9_2_0_0,0x1e4ea9,15,2,0,0,117255,117445,190,5,RECEIVED
68d6b8_0_2_1,0x68d6b8,0,0,2,1,117365,117735,370,1,RECEIVED
56f718_2_5_0,0x56f718,1,2,5,0,117525,117985,460,13,RECEIVED
4f90c2_2_0_1,0x4f90c2,2,2,0,1,117785,117975,190,5,RECEIVED
203bf1_5_2_0,0x203bf1,3,5,2,0,118055,118155,100,9,RECEIVED
72ceb5_5_3_1,0x72ceb5,4,5,3,1,118195,118385,190,10,RECEIVED
7c23eb_3_0_0,0x7c23eb,5,3,0,0,118315,118415,100,6,RECEIVED
48cd1_2_5_0,0x48cd1,6,2,5,0,118475,118935,460,13,RECEIVED
ed486_1_5_0,0xed486,7,1,5,0,118635,119165,530,12,RECEIVED
7d0f90_0_4_0,0x7d0f90,8,0,4,0,118805,119355,550,3,RECEIVED
4ce678_5_4_0,0x4ce678,9,5,4,0,119085,119365,280,11,RECEIVED
78755_5_3_1,0x78755,10,5,3,1,119325,119515,190,10,RECEIVED
594152_3_0_0,0x594152,11,3,0,0,119545,119645,100,6,RECEIVED
222fc5_5_3_1,0x222fc5,12,5,3,1,119685,119875,190,10,RECEIVED
1f7688_0_1_0,0x1f7688,13,0,1,0,119805,120085,280,0,RECEIVED
689cb0_2_5_0,0x689cb0,14,2,5,0,119995,120455,460,13,RECEIVED
4897e5_4_0_1,0x4897e5,15,4,0,1,120135,120145,10,7,RECEIVED
38e6e3_5_1_1,0x38e6e3,0,5,1,1,120355,120365,10,8,RECEIVED
38975e_4_0_0,0x38975e,1,4,0,0,120625,120635,10,7,RECEIVED
411aa3_4_5_0,0x411aa3,2,4,5,0,120885,121165,280,15,RECEIVED
4a2aa_0_2_1,0x4a2aa,3,0,2,1,121025,121395,370,1,RECEIVED
13791a_3_0_0,0x13791a,4,3,0,0,121235,121335,100,6,RECEIVED
7e0682_2_0_0,0x7e0682,5,2,0,0,121355,121545,190,5,RECEIVED
7dab39_4_5_0,0x7dab39,6,4,5,0,121565,121845,280,15,RECEIVED
16a2ec_0_2_1,0x16a2ec,7,0,2,1,121825,122195,370,1,RECEIVED
75416_5_3_1,0x75416,8,5,3,1,121965,122155,190,10,RECEIVED
bf070_4_0_1,0xbf070,9,4,0,1,122245,122255,10,7,RECEIVED
5766c6_0_2_0,0x5766c6,10,0,2,0,122475,122805,330,1,RECEIVED
14eb24_0_3_1,0x14eb24,11,0,3,1,122765,123105,340,2,RECEIVED
69e55a_0_2_0,0x69e55a,12,0,2,0,123045,123395,350,1,RECEIVED
11fcb_3_5_1,0x11fcb,13,3,5,1,123145,123335,190,14,RECEIVED
142ba5_4_5_0,0x142ba5,14,4,5,0,123335,123615,280,15,RECEIVED
698f7c_4_0_1,0x698f7c,15,4,0,1,123465,123475,10,7,RECEIVED
71a4fc_3_5_0,0x71a4fc,0,3,5,0,123585,123935,350,14,RECEIVED
7834e3_2_0_1,0x7834e3,1,2,0,1,123735,123925,190,5,RECEIVED
6ab869_5_4_0,0x6ab869,2,5,4,0,123995,124275,280,11,RECEIVED
50df7a_4_0_0,0x50df7a,3,4,0,0,124085,124095,10,7,RECEIVED
3ae582_1_5_0,0x3ae582,4,1,5,0,124195,124745,550,12,RECEIVED
6717f_1_5_0,0x6717f,5,1,5,0,124305,124855,550,12,RECEIVED
112a04_5_4_0,0x112a04,6,5,4,0,124435,124715,280,11,RECEIVED
3d45dd_4_0_1,0x3d45dd,7,4,0,1,124715,124725,10,7,RECEIVED
181b90_5_2_1,0x181b90,8,5,2,1,124945,125045,100,9,RECEIVED
761f0_5_1_1,0x761f0,9,5,1,1,125145,125155,10,8,RECEIVED
21b8bd_5_2_0,0x21b8bd,10,5,2,0,125415,125515,100,9,RECEIVED
2da5a9_0_1_1,0x2da5a9,11,0,1,1,125635,125915,280,0,RECEIVED
3fbb03_5_1_1,0x3fbb03,12,5,1,1,125905,125915,10,8,RECEIVED
40ea3f_4_5_1,0x40ea3f,13,4,5,1,126095,126375,280,15,RECEIVED
10e63b_5_4_0,0x10e63b,14,5,4,0,126185,126475,290,11,RECEIVED
8213b_1_5_0,0x8213b,15,1,5,0,126305,126855,550,12,RECEIVED
5414db_5_1_0,0x5414db,0,5,1,0,126585,126595,10,8,RECEIVED
3a2455_5_1_1,0x3a2455,1,5,1,1,126865,126875,10,8,RECEIVED
d61eb_2_0_1,0xd61eb,2,2,0,1,127145,127335,190,5,RECEIVED
644409_5_1_1,0x644409,3,5,1,1,127385,127395,10,8,RECEIVED
50fff2_1_0_1,0x50fff2,4,1,0,1,127495,127775,280,4,RECEIVED
3290f5_3_5_1,0x3290f5,5,3,5,1,127675,127985,310,14,RECEIVED
60c1ae_3_0_0,0x60c1ae,6,3,0,0,127905,128005,100,6,RECEIVED
6166e2_1_5_1,0x6166e2,7,1,5,1,128025,128455,430,12,RECEIVED
308db2_5_1_0,0x308db2,8,5,1,0,128195,128205,10,8,RECEIVED
4eead9_1_0_0,0x4eead9,9,1,0,0,128325,128605,280,4,RECEIVED
5c66b0_4_0_0,0x5c66b0,10,4,0,0,128575,128585,10,7,RECEIVED
2b0a04_4_5_0,0x2b0a04,11,4,5,0,128695,128975,280,15,RECEIVED
6af6ca_5_3_1,0x6af6ca,12,5,3,1,128895,129085,190,10,RECEIVED
90514_0_2_1,0x90514,13,0,2,1,128995,129365,370,1,RECEIVED
3a996_4_5_1,0x3a996,14,4,5,1,129255,129535,280,15,RECEIVED
313675_0_4_0,0x313675,15,0,4,0,129415,129925,510,3,RECEIVED
3edeb7_5_4_0,0x3edeb7,0,5,4,0,129545,129825,280,11,RECEIVED
286d4d_0_2_0,0x286d4d,1,0,2,0,129835,130165,330,1,RECEIVED
df3a4_0_2_0,0xdf3a4,2,0,2,0,130005,130375,370,1,RECEIVED
51d8e9_0_2_0,0x51d8e9,3,0,2,0,130225,130595,370,1,RECEIVED
3c2347_1_5_1,0x3c2347,4,1,5,1,130515,130945,430,12,RECEIVED
66615d_2_5_0,0x66615d,5,2,5,0,130665,131125,460,13,RECEIVED
358b2d_0_3_0,0x358b2d,6,0,3,0,130795,131215,420,2,RECEIVED
53e784_1_0_0,0x53e784,7,1,0,0,131005,131285,280,4,RECEIVED
196b76_0_4_1,0x196b76,8,0,4,1,131245,131735,490,3,RECEIVED
711448_0_1_1,0x711448,9,0,1,1,131405,131685,280,0,RECEIVED
3e7157_5_4_1,0x3e7157,10,5,4,1,131575,131855,280,11,RECEIVED
1973c4_2_5_1,0x1973c4,11,2,5,1,131825,132105,280,13,RECEIVED
7b7749_5_2_1,0x7b7749,12,5,2,1,132055,132065,10,9,RECEIVED
2acb82_2_5_1,0x2acb82,13,2,5,1,132145,132495,350,13,RECEIVED
2b280c_3_0_0,0x2b280c,14,3,0,0,132425,132565,140,6,RECEIVED
8c616_3_5_1,0x8c616,15,3,5,1,132695,132855,160,14,RECEIVED
29529e_5_1_1,0x29529e,0,5,1,1,132805,132905,100,8,RECEIVED
30ef4d_0_1_1,0x30ef4d,1,0,1,1,133085,133415,330,0,RECEIVED
75dbf8_1_5_0,0x75dbf8,2,1,5,0,133365,133765,400,12,RECEIVED
37fe35_1_5_1,0x37fe35,3,1,5,1,133455,133855,400,12,RECEIVED
ddae6_5_3_1,0xddae6,4,5,3,1,133745,133845,100,10,RECEIVED
5c0071_0_3_0,0x5c0071,5,0,3,0,134025,134335,310,2,RECEIVED
55dfb3_4_5_1,0x55dfb3,6,4,5,1,134135,134325,190,15,RECEIVED
20f3a6_3_5_1,0x20f3a6,7,3,5,1,134295,134455,160,14,RECEIVED
222ad0_1_0_0,0x222ad0,8,1,0,0,134485,134795,310,4,RECEIVED
7afe92_3_5_0,0x7afe92,9,3,5,0,134595,134855,260,14,RECEIVED
4943f3_0_3_1,0x4943f3,10,0,3,1,134685,134995,310,2,RECEIVED
5dccb_5_1_0,0x5dccb,11,5,1,0,134795,134895,100,8,RECEIVED
16be70_1_5_1,0x16be70,12,1,5,1,134995,135455,460,12,RECEIVED
568454_4_5_0,0x568454,13,4,5,0,135135,135325,190,15,RECEIVED
3ddd7c_2_5_0,0x3ddd7c,14,2,5,0,135255,135625,370,13,RECEIVED
309611_5_1_0,0x309611,15,5,1,0,135485,135585,100,8,RECEIVED
575a33_5_1_0,0x575a33,0,5,1,0,135675,135775,100,8,RECEIVED
1e144b_0_2_1,0x1e144b,1,0,2,1,135805,136085,280,1,RECEIVED
564519_0_3_1,0x564519,2,0,3,1,136065,136435,370,2,RECEIVED
7ce3b9_5_3_1,0x7ce3b9,3,5,3,1,136215,136315,100,10,RECEIVED
5e25c2_4_0_0,0x5e25c2,4,4,0,0,136385,136485,100,7,RECEIVED
3d628b_4_5_1,0x3d628b,5,4,5,1,136595,136785,190,15,RECEIVED
1eb7b5_0_1_0,0x1eb7b5,6,0,1,0,136765,137135,370,0,RECEIVED
bd71c_2_5_0,0xbd71c,7,2,5,0,137015,137385,370,13,RECEIVED
3fa9db_0_3_0,0x3fa9db,8,0,3,0,137305,137635,330,2,RECEIVED
7d4a6d_2_5_1,0x7d4a6d,9,2,5,1,137405,137655,250,13,RECEIVED
2ccf8a_5_1_0,0x2ccf8a,10,5,1,0,137665,137765,100,8,RECEIVED
3cead7_5_2_0,0x3cead7,11,5,2,0,137875,137885,10,9,RECEIVED
4c12dc_2_0_0,0x4c12dc,12,2,0,0,138135,138415,280,5,RECEIVED
22c7e4_0_2_1,0x22c7e4,13,0,2,1,138375,138655,280,1,RECEIVED
43715d_0_3_0,0x43715d,14,0,3,0,138665,139015,350,2,RECEIVED
5fa204_0_1_1,0x5fa204,15,0,1,1,138825,139175,350,0,RECEIVED
5056b7_3_5_0,0x5056b7,0,3,5,0,139075,139355,280,14,RECEIVED
6d242d_0_1_0,0x6d242d,1,0,1,0,139365,139675,310,0,RECEIVED
67c18c_1_0_0,0x67c18c,2,1,0,0,139545,139915,370,4,RECEIVED
4a4755_0_2_1,0x4a4755,3,0,2,1,139705,139985,280,1,RECEIVED
35b564_5_3_1,0x35b564,4,5,3,1,139925,140025,100,10,RECEIVED
14fceb_0_4_0,0x14fceb,5,0,4,0,140175,140595,420,3,RECEIVED
7993d6_4_5_0,0x7993d6,6,4,5,0,140285,140475,190,15,RECEIVED
46dc2e_1_0_0,0x46dc2e,7,1,0,0,140425,140795,370,4,RECEIVED
62cab7_0_4_0,0x62cab7,8,0,4,0,140575,141035,460,3,RECEIVED
69f2a7_5_3_0,0x69f2a7,9,5,3,0,140865,0,0,-1,LOST
19a9f7_5_4_0,0x19a9f7,10,5,4,0,140955,141055,100,11,RECEIVED
536434_3_0_0,0x536434,11,3,0,0,141205,141395,190,6,RECEIVED
408fe8_0_3_0,0x408fe8,12,0,3,0,141425,141795,370,2,RECEIVED
6efc7f_5_1_1,0x6efc7f,13,5,1,1,141595,141695,100,8,RECEIVED
55c56b_5_4_0,0x55c56b,14,5,4,0,141885,142075,190,11,RECEIVED
3ec520_0_1_1,0x3ec520,15,0,1,1,142075,142425,350,0,RECEIVED
1b8076_2_0_0,0x1b8076,0,2,0,0,142325,142605,280,5,RECEIVED
754f82_3_0_1,0x754f82,1,3,0,1,142455,142625,170,6,RECEIVED
1d4cae_5_4_1,0x1d4cae,2,5,4,1,142635,142825,190,11,RECEIVED
79add5_1_0_0,0x79add5,3,1,0,0,142855,143105,250,4,RECEIVED
211a2d_0_4_1,0x211a2d,4,0,4,1,143115,143455,340,3,RECEIVED
450067_5_2_1,0x450067,5,5,2,1,143265,143275,10,9,RECEIVED
c8467_4_0_0,0xc8467,6,4,0,0,143435,143535,100,7,RECEIVED
1ae6b_5_4_0,0x1ae6b,7,5,4,0,143545,143735,190,11,RECEIVED
1d44b1_3_5_0,0x1d44b1,8,3,5,0,143795,144075,280,14,RECEIVED
ef82c_0_1_1,0xef82c,9,0,1,1,144085,144435,350,0,RECEIVED
1b4aaf_0_1_1,0x1b4aaf,10,0,1,1,144355,144725,370,0,RECEIVED
95fe1_0_1_0,0x95fe1,11,0,1,0,144485,144795,310,0,RECEIVED
62814d_0_4_0,0x62814d,12,0,4,0,144585,145025,440,3,RECEIVED
448038_5_4_0,0x448038,13,5,4,0,144815,145005,190,11,RECEIVED
2fa691_0_4_0,0x2fa691,14,0,4,0,144945,145405,460,3,RECEIVED
7c8a53_5_1_0,0x7c8a53,15,5,1,0,145065,145165,100,8,RECEIVED
67d847_1_0_0,0x67d847,0,1,0,0,145305,145675,370,4,RECEIVED
66ef61_5_2_0,0x66ef61,1,5,2,0,145585,145595,10,9,RECEIVED
4f19b7_0_3_1,0x4f19b7,2,0,3,1,145725,146095,370,2,RECEIVED
2a0e5d_3_0_0,0x2a0e5d,3,3,0,0,145825,146015,190,6,RECEIVED
691e45_4_5_0,0x691e45,4,4,5,0,146105,146295,190,15,RECEIVED
22cf3a_5_1_0,0x22cf3a,5,5,1,0,146265,146365,100,8,RECEIVED
42ef3_0_4_1,0x42ef3,6,0,4,1,146435,146835,400,3,RECEIVED
4e3c1d_3_0_0,0x4e3c1d,7,3,0,0,146555,146745,190,6,RECEIVED
549b1a_5_2_0,0x549b1a,8,5,2,0,146845,146855,10,9,RECEIVED
542af_5_4_0,0x542af,9,5,4,0,147055,147245,190,11,RECEIVED
3fdc8a_0_4_1,0x3fdc8a,10,0,4,1,147145,147605,460,3,RECEIVED
7ec97a_3_5_0,0x7ec97a,11,3,5,0,147265,147545,280,14,RECEIVED
7265fa_3_5_1,0x7265fa,12,3,5,1,147505,0,0,-1,LOST
3260da_0_3_1,0x3260da,13,0,3,1,147595,147765,170,2,RECEIVED
d5c30_3_5_0,0xd5c30,14,3,5,0,147705,147895,190,14,RECEIVED
677315_2_5_0,0x677315,15,2,5,0,147835,148115,280,13,RECEIVED
c0de7_5_3_1,0xc0de7,0,5,3,1,148045,148055,10,10,RECEIVED
60c5d3_4_0_0,0x60c5d3,1,4,0,0,148325,148465,140,7,RECEIVED
301551_0_4_1,0x301551,2,0,4,1,148465,148835,370,3,RECEIVED
6e192b_0_2_0,0x6e192b,3,0,2,0,148725,149095,370,1,RECEIVED
3dab90_3_5_1,0x3dab90,4,3,5,1,148845,148975,130,14,RECEIVED
4d4f5a_0_2_0,0x4d4f5a,5,0,2,0,148965,149335,370,1,RECEIVED
7b31f0_3_0_0,0x7b31f0,6,3,0,0,149135,149415,280,6,RECEIVED
3ba343_2_5_1,0x3ba343,7,2,5,1,149225,149445,220,13,RECEIVED
65c994_0_1_0,0x65c994,8,0,1,0,149345,149805,460,0,RECEIVED
62841b_0_1_1,0x62841b,9,0,1,1,149515,149935,420,0,RECEIVED
72f70d_5_4_1,0x72f70d,10,5,4,1,149735,149835,100,11,RECEIVED
64146_0_3_0,0x64146,11,0,3,0,149925,150205,280,2,RECEIVED
53951a_0_4_1,0x53951a,12,0,4,1,150025,150395,370,3,RECEIVED
56dc13_1_5_1,0x56dc13,13,1,5,1,150185,150555,370,12,RECEIVED
385396_2_5_0,0x385396,14,2,5,0,150295,150535,240,13,RECEIVED
4b0b1b_0_3_1,0x4b0b1b,15,0,3,1,150585,150865,280,2,RECEIVED
3a5f6_0_4_1,0x3a5f6,0,0,4,1,150825,151195,370,3,RECEIVED
779b68_5_2_0,0x779b68,1,5,2,0,151055,151155,100,9,RECEIVED
5b15a4_0_1_1,0x5b15a4,2,0,1,1,151225,151685,460,0,RECEIVED
66c907_3_5_1,0x66c907,3,3,5,1,151365,151495,130,14,RECEIVED
7dcc52_5_4_1,0x7dcc52,4,5,4,1,151525,151625,100,11,RECEIVED
216a99_5_4_0,0x216a99,5,5,4,0,151705,151805,100,11,RECEIVED
6fbb2a_5_1_0,0x6fbb2a,6,5,1,0,151855,152045,190,8,RECEIVED
287849_1_0_0,0x287849,7,1,0,0,151945,152355,410,4,RECEIVED
496228_5_1_1,0x496228,8,5,1,1,152205,152395,190,8,RECEIVED
5977c3_5_1_1,0x5977c3,9,5,1,1,152355,152545,190,8,RECEIVED
2100e3_2_0_1,0x2100e3,10,2,0,1,152465,152795,330,5,RECEIVED
7cbce1_3_0_0,0x7cbce1,11,3,0,0,152615,152895,280,6,RECEIVED
179096_3_0_0,0x179096,12,3,0,0,152875,153155,280,6,RECEIVED
3074c_0_1_0,0x3074c,13,0,1,0,153115,153515,400,0,RECEIVED
25ae7e_1_0_0,0x25ae7e,14,1,0,0,153225,153685,460,4,RECEIVED
4215b7_2_0_0,0x4215b7,15,2,0,0,153455,153825,370,5,RECEIVED
1651af_2_0_0,0x1651af,0,2,0,0,153565,153935,370,5,RECEIVED
63aedb_5_4_1,0x63aedb,1,5,4,1,153805,153905,100,11,RECEIVED
7ea67e_3_5_1,0x7ea67e,2,3,5,1,153915,154105,190,14,RECEIVED
206759_5_2_1,0x206759,3,5,2,1,154205,154305,100,9,RECEIVED
147822_0_3_1,0x147822,4,0,3,1,154315,154595,280,2,RECEIVED
224d1_0_4_1,0x224d1,5,0,4,1,154585,154955,370,3,RECEIVED
5b81d_5_4_0,0x5b81d,6,5,4,0,154695,154795,100,11,RECEIVED
16d259_0_2_0,0x16d259,7,0,2,0,154975,155225,250,1,RECEIVED
271731_5_1_0,0x271731,8,5,1,0,155155,155345,190,8,RECEIVED
5e9342_0_4_1,0x5e9342,9,0,4,1,155315,155685,370,3,RECEIVED
1e570e_1_0_0,0x1e570e,10,1,0,0,155585,156045,460,4,RECEIVED
438d4c_2_0_1,0x438d4c,11,2,0,1,155755,156085,330,5,RECEIVED
7aad38_2_5_1,0x7aad38,12,2,5,1,156035,156255,220,13,RECEIVED
c4751_0_4_0,0xc4751,13,0,4,0,156235,156545,310,3,RECEIVED
587df3_2_5_1,0x587df3,14,2,5,1,156415,156635,220,13,RECEIVED
71a11d_3_0_1,0x71a11d,15,3,0,1,156675,156915,240,6,RECEIVED
52d8df_1_5_0,0x52d8df,0,1,5,0,156965,157315,350,12,RECEIVED
439a63_5_2_1,0x439a63,1,5,2,1,157255,157355,100,9,RECEIVED
15e061_5_4_0,0x15e061,2,5,4,0,157445,157545,100,11,RECEIVED
2ba40_5_4_1,0x2ba40,3,5,4,1,157625,157725,100,11,RECEIVED
4293ca_4_5_1,0x4293ca,4,4,5,1,157875,157975,100,15,RECEIVED
58badb_3_0_0,0x58badb,5,3,0,0,158125,158345,220,6,RECEIVED
14b8e_5_1_0,0x14b8e,6,5,1,0,158275,158465,190,8,RECEIVED
30e58d_1_0_0,0x30e58d,7,1,0,0,158555,158955,400,4,RECEIVED
5f4843_0_1_1,0x5f4843,8,0,1,1,158785,159205,420,0,RECEIVED
553de_4_5_0,0x553de,9,4,5,0,159015,159115,100,15,RECEIVED
4025d2_0_4_0,0x4025d2,10,0,4,0,159175,159545,370,3,RECEIVED
117fa1_0_3_1,0x117fa1,11,0,3,1,159365,159645,280,2,RECEIVED
1625d1_5_1_1,0x1625d1,12,5,1,1,159455,159645,190,8,RECEIVED
691157_2_0_1,0x691157,13,2,0,1,159565,159915,350,5,RECEIVED
7b7900_0_2_0,0x7b7900,14,0,2,0,159795,159985,190,1,RECEIVED
4b89cd_0_4_0,0x4b89cd,15,0,4,0,160035,160405,370,3,RECEIVED
75051d_2_5_1,0x75051d,0,2,5,1,160265,160485,220,13,RECEIVED
477e5d_4_5_0,0x477e5d,1,4,5,0,160505,160605,100,15,RECEIVED
67dbbe_5_4_0,0x67dbbe,2,5,4,0,160655,160755,100,11,RECEIVED
4df98d_1_0_1,0x4df98d,3,1,0,1,160935,161375,440,4,RECEIVED
298755_5_4_0,0x298755,4,5,4,0,161225,161325,100,11,RECEIVED
38be2a_0_1_1,0x38be2a,5,0,1,1,161445,161905,460,0,RECEIVED
5b5396_1_5_0,0x5b5396,6,1,5,0,161705,162055,350,12,RECEIVED
5ee9a4_4_0_1,0x5ee9a4,7,4,0,1,161805,161995,190,7,RECEIVED
1d4f73_5_4_0,0x1d4f73,8,5,4,0,161995,162095,100,11,RECEIVED
69e31_0_4_1,0x69e31,9,0,4,1,162175,162485,310,3,RECEIVED
42e86_1_0_0,0x42e86,10,1,0,0,162465,162805,340,4,RECEIVED
68e129_1_0_0,0x68e129,11,1,0,0,162705,163165,460,4,RECEIVED
a0da8_0_3_1,0xa0da8,12,0,3,1,162815,163095,280,2,RECEIVED
4c218b_2_0_1,0x4c218b,13,2,0,1,162965,0,0,-1,LOST
642672_3_0_1,0x642672,14,3,0,1,163055,163205,150,6,RECEIVED
44b8d2_0_4_0,0x44b8d2,15,0,4,0,163345,163695,350,3,RECEIVED
146c73_5_3_0,0x146c73,0,5,3,0,163625,163635,10,10,RECEIVED
3feba2_4_5_1,0x3feba2,1,4,5,1,163905,164005,100,15,RECEIVED
480b6b_2_0_0,0x480b6b,2,2,0,0,164065,164375,310,5,RECEIVED
322f6_0_4_0,0x322f6,3,0,4,0,164215,164585,370,3,RECEIVED
75f823_4_5_1,0x75f823,4,4,5,1,164415,164515,100,15,RECEIVED
5bd94e_0_3_0,0x5bd94e,5,0,3,0,164525,164805,280,2,RECEIVED
4a8b74_3_0_1,0x4a8b74,6,3,0,1,164665,164995,330,6,RECEIVED
1fb7e3_2_5_1,0x1fb7e3,7,2,5,1,164825,165015,190,13,RECEIVED
5e9802_4_5_1,0x5e9802,8,4,5,1,165045,165055,10,15,RECEIVED
3c0d9e_3_5_1,0x3c0d9e,9,3,5,1,165265,165365,100,14,RECEIVED
2c3969_1_0_0,0x2c3969,10,1,0,0,165435,165875,440,4,RECEIVED
880f4_5_2_1,0x880f4,11,5,2,1,165575,165765,190,9,RECEIVED
6aa565_0_4_1,0x6aa565,12,0,4,1,165765,166045,280,3,RECEIVED
268241_2_0_1,0x268241,13,2,0,1,165985,166385,400,5,RECEIVED
17f0d4_5_4_1,0x17f0d4,14,5,4,1,166145,166155,10,11,RECEIVED
2854a9_5_2_0,0x2854a9,15,5,2,0,166295,166485,190,9,RECEIVED
1a4d67_3_0_1,0x1a4d67,0,3,0,1,166515,166865,350,6,RECEIVED
1e089c_1_0_0,0x1e089c,1,1,0,0,166765,167195,430,4,RECEIVED
58bf2e_0_3_0,0x58bf2e,2,0,3,0,166915,167165,250,2,RECEIVED
2e3642_2_5_0,0x2e3642,3,2,5,0,167005,167195,190,13,RECEIVED
4a65eb_0_4_1,0x4a65eb,4,0,4,1,167285,167565,280,3,RECEIVED
3d4fa0_0_3_1,0x3d4fa0,5,0,3,1,167465,167815,350,2,RECEIVED
141701_1_5_0,0x141701,6,1,5,0,167715,167995,280,12,RECEIVED
422148_0_4_0,0x422148,7,0,4,0,167995,168275,280,3,RECEIVED
c73e0_5_1_0,0xc73e0,8,5,1,0,168125,168405,280,8,RECEIVED
2d7e63_4_5_0,0x2d7e63,9,4,5,0,168335,168345,10,15,RECEIVED
420a5b_5_2_0,0x420a5b,10,5,2,0,168515,168705,190,9,RECEIVED
6ef3f7_5_3_0,0x6ef3f7,11,5,3,0,168735,168835,100,10,RECEIVED
24b8ff_4_0_1,0x24b8ff,12,4,0,1,168955,169235,280,7,RECEIVED
267203_5_1_1,0x267203,13,5,1,1,169235,169515,280,8,RECEIVED
7988b1_1_5_1,0x7988b1,14,1,5,1,169495,169775,280,12,RECEIVED
79c155_0_4_0,0x79c155,15,0,4,0,169655,169935,280,3,RECEIVED
6394ef_5_4_1,0x6394ef,0,5,4,1,169845,169855,10,11,RECEIVED
55f862_0_2_0,0x55f862,1,0,2,0,170105,170385,280,1,RECEIVED
2d34e6_3_0_0,0x2d34e6,2,3,0,0,170235,170605,370,6,RECEIVED
239ed5_5_4_0,0x239ed5,3,5,4,0,170375,170385,10,11,RECEIVED
736fa2_3_0_0,0x736fa2,4,3,0,0,170665,171035,370,6,RECEIVED
6ec963_0_2_0,0x6ec963,5,0,2,0,170875,171335,460,1,RECEIVED
6eed37_0_3_0,0x6eed37,6,0,3,0,171065,171375,310,2,RECEIVED
5e2801_5_2_0,0x5e2801,7,5,2,0,171335,171525,190,9,RECEIVED
c5d0d_4_5_0,0xc5d0d,8,4,5,0,171545,171555,10,15,RECEIVED
6d6728_5_1_1,0x6d6728,9,5,1,1,171635,171915,280,8,RECEIVED
50fe68_3_0_1,0x50fe68,10,3,0,1,171925,172235,310,6,RECEIVED
64339f_1_5_0,0x64339f,11,1,5,0,172195,172475,280,12,RECEIVED
6bc11_4_0_0,0x6bc11,12,4,0,0,172315,172595,280,7,RECEIVED
405570_0_1_0,0x405570,13,0,1,0,172505,172995,490,0,RECEIVED
9cb83_1_0_1,0x9cb83,14,1,0,1,172605,173095,490,4,RECEIVED
5cf622_0_3_1,0x5cf622,15,0,3,1,172695,173075,380,2,RECEIVED
d9433_5_2_1,0xd9433,0,5,2,1,172835,173025,190,9,RECEIVED
226e6a_5_2_1,0x226e6a,1,5,2,1,172975,0,0,-1,LOST
29a092_5_3_0,0x29a092,2,5,3,0,173065,173075,10,10,RECEIVED
5d4a19_0_3_1,0x5d4a19,3,0,3,1,173175,173545,370,2,RECEIVED
211b24_5_3_1,0x211b24,4,5,3,1,173455,173555,100,10,RECEIVED
262aa1_4_0_0,0x262aa1,5,4,0,0,173705,173985,280,7,RECEIVED
45d1ab_4_0_0,0x45d1ab,6,4,0,0,173965,174245,280,7,RECEIVED
3cbda6_0_1_0,0x3cbda6,7,0,1,0,174095,174585,490,0,RECEIVED
40f4cd_4_0_1,0x40f4cd,8,4,0,1,174215,174495,280,7,RECEIVED
29d6ff_5_1_1,0x29d6ff,9,5,1,1,174485,174765,280,8,RECEIVED
51cd9c_3_5_1,0x51cd9c,10,3,5,1,174615,174715,100,14,RECEIVED
122a7a_3_0_0,0x122a7a,11,3,0,0,174795,175165,370,6,RECEIVED
79d4ac_0_4_0,0x79d4ac,12,0,4,0,174905,175185,280,3,RECEIVED
7f9cfe_1_5_0,0x7f9cfe,13,1,5,0,175045,175325,280,12,RECEIVED
52beb6_0_2_0,0x52beb6,14,0,2,0,175205,175545,340,1,RECEIVED
43f6e0_4_0_1,0x43f6e0,15,4,0,1,175305,175585,280,7,RECEIVED
6e2395_0_4_0,0x6e2395,0,0,4,0,175405,175685,280,3,RECEIVED
66d692_2_5_1,0x66d692,1,2,5,1,175605,175795,190,13,RECEIVED
3d2ebd_2_0_1,0x3d2ebd,2,2,0,1,175885,176285,400,5,RECEIVED
748ca5_0_1_1,0x748ca5,3,0,1,1,176035,176545,510,0,RECEIVED
207ccf_5_4_1,0x207ccf,4,5,4,1,176305,176315,10,11,RECEIVED
aaeb0_3_5_1,0xaaeb0,5,3,5,1,176495,176595,100,14,RECEIVED
31b869_3_5_0,0x31b869,6,3,5,0,176645,176745,100,14,RECEIVED
5f113e_3_0_0,0x5f113e,7,3,0,0,176935,177305,370,6,RECEIVED
249aea_3_5_1,0x249aea,8,3,5,1,177045,177145,100,14,RECEIVED
1e5601_0_1_0,0x1e5601,9,0,1,0,177235,177665,430,0,RECEIVED
35f64b_4_0_1,0x35f64b,10,4,0,1,177465,177745,280,7,RECEIVED
793a70_3_5_1,0x793a70,11,3,5,1,177755,177855,100,14,RECEIVED
563b0f_0_3_1,0x563b0f,12,0,3,1,177885,178255,370,2,RECEIVED
46f413_1_5_1,0x46f413,13,1,5,1,178175,178455,280,12,RECEIVED
27b118_5_4_1,0x27b118,14,5,4,1,178385,178395,10,11,RECEIVED
1484f3_0_1_1,0x1484f3,15,0,1,1,178575,179105,530,0,RECEIVED
2ab1fa_5_2_1,0x2ab1fa,0,5,2,1,178695,178885,190,9,RECEIVED
6ca264_1_0_0,0x6ca264,1,1,0,0,178785,179285,500,4,RECEIVED
46b817_5_2_0,0x46b817,2,5,2,0,178955,179145,190,9,RECEIVED
595ad6_4_5_0,0x595ad6,3,4,5,0,179155,179165,10,15,RECEIVED
552fbe_5_3_0,0x552fbe,4,5,3,0,179435,179535,100,10,RECEIVED
35314b_2_5_0,0x35314b,5,2,5,0,179685,179875,190,13,RECEIVED
796f32_4_5_1,0x796f32,6,4,5,1,179865,179875,10,15,RECEIVED
db33a_2_0_1,0xdb33a,7,2,0,1,180105,180545,440,5,RECEIVED
6c4e97_2_5_0,0x6c4e97,8,2,5,0,180205,180395,190,13,RECEIVED
1c4360_5_2_1,0x1c4360,9,5,2,1,180485,180675,190,9,RECEIVED
199ce2_2_0_1,0x199ce2,10,2,0,1,180615,181075,460,5,RECEIVED
40db00_3_5_0,0x40db00,11,3,5,0,180875,180975,100,14,RECEIVED
d1edc_0_4_0,0xd1edc,12,0,4,0,181125,181405,280,3,RECEIVED
1c8bed_3_5_1,0x1c8bed,13,3,5,1,181345,181445,100,14,RECEIVED
2f7562_4_0_0,0x2f7562,14,4,0,0,181435,181715,280,7,RECEIVED
5f4cfc_2_0_1,0x5f4cfc,15,2,0,1,181725,182185,460,5,RECEIVED
64d29a_0_2_0,0x64d29a,0,0,2,0,181915,182105,190,1,RECEIVED
284299_4_0_1,0x284299,1,4,0,1,182145,182545,400,7,RECEIVED
535345_5_4_1,0x535345,2,5,4,1,182385,182665,280,11,RECEIVED
9315c_0_1_0,0x9315c,3,0,1,0,182545,182805,260,0,RECEIVED
21bdd6_5_1_1,0x21bdd6,4,5,1,1,182755,183305,550,8,RECEIVED
538dc3_5_3_1,0x538dc3,5,5,3,1,183045,183415,370,10,RECEIVED
136834_3_5_0,0x136834,6,3,5,0,183295,183485,190,14,RECEIVED
700ede_5_1_1,0x700ede,7,5,1,1,183405,183955,550,8,RECEIVED
5b386b_2_5_0,0x5b386b,8,2,5,0,183585,183685,100,13,RECEIVED
1d670c_1_0_1,0x1d670c,9,1,0,1,183855,184135,280,4,RECEIVED
514523_1_0_1,0x514523,10,1,0,1,183975,184255,280,4,RECEIVED
526b69_5_1_0,0x526b69,11,5,1,0,184085,184555,470,8,RECEIVED
1e3c97_4_0_0,0x1e3c97,12,4,0,0,184305,184855,550,7,RECEIVED
780d92_2_0_0,0x780d92,13,2,0,0,184425,184795,370,5,RECEIVED
c3a00_2_5_1,0xc3a00,14,2,5,1,184545,184645,100,13,RECEIVED
7402e2_0_4_0,0x7402e2,15,0,4,0,184695,184705,10,3,RECEIVED
19e9e7_3_0_0,0x19e9e7,0,3,0,0,184845,185305,460,6,RECEIVED
683d49_4_5_1,0x683d49,1,4,5,1,185105,185385,280,15,RECEIVED
7a7794_0_3_1,0x7a7794,2,0,3,1,185275,185375,100,2,RECEIVED
16656f_0_2_0,0x16656f,3,0,2,0,185385,185575,190,1,RECEIVED
2a7729_0_3_0,0x2a7729,4,0,3,0,185585,185685,100,2,RECEIVED
7040f2_2_5_0,0x7040f2,5,2,5,0,185815,185915,100,13,RECEIVED
6d69b2_5_4_1,0x6d69b2,6,5,4,1,185975,186255,280,11,RECEIVED
27225c_5_2_1,0x27225c,7,5,2,1,186105,186565,460,9,RECEIVED
3b51cc_2_0_1,0x3b51cc,8,2,0,1,186265,186575,310,5,RECEIVED
513e44_3_5_1,0x513e44,9,3,5,1,186535,186725,190,14,RECEIVED
15c3a1_5_3_0,0x15c3a1,10,5,3,0,186685,186995,310,10,RECEIVED
5b337e_0_3_0,0x5b337e,11,0,3,0,186795,186895,100,2,RECEIVED
44c20e_5_1_1,0x44c20e,12,5,1,1,186905,187335,430,8,RECEIVED
2eb24e_3_5_1,0x2eb24e,13,3,5,1,187005,187195,190,14,RECEIVED
4e9c37_0_3_1,0x4e9c37,14,0,3,1,187225,187325,100,2,RECEIVED
360535_1_0_0,0x360535,15,1,0,0,187495,187775,280,4,RECEIVED
2652a1_2_0_0,0x2652a1,0,2,0,0,187745,188095,350,5,RECEIVED
4a7fe_1_5_0,0x4a7fe,1,1,5,0,187925,187935,10,12,RECEIVED
3743a4_0_1_0,0x3743a4,2,0,1,0,188075,188355,280,0,RECEIVED
5e2fe5_3_0_0,0x5e2fe5,3,3,0,0,188185,188645,460,6,RECEIVED
6c9413_5_4_1,0x6c9413,4,5,4,1,188275,188555,280,11,RECEIVED
37664d_4_0_1,0x37664d,5,4,0,1,188405,188955,550,7,RECEIVED
3abf9f_0_3_0,0x3abf9f,6,0,3,0,188605,188705,100,2,RECEIVED
71168f_0_3_0,0x71168f,7,0,3,0,188885,188985,100,2,RECEIVED
63e081_0_3_1,0x63e081,8,0,3,1,189115,189215,100,2,RECEIVED
69e5bd_5_2_0,0x69e5bd,9,5,2,0,189355,189735,380,9,RECEIVED
533aaf_1_0_1,0x533aaf,10,1,0,1,189585,189865,280,4,RECEIVED
799306_0_4_0,0x799306,11,0,4,0,189855,189865,10,3,RECEIVED
2dd284_3_5_0,0x2dd284,12,3,5,0,189975,190165,190,14,RECEIVED
3ed9d3_4_0_1,0x3ed9d3,13,4,0,1,190145,190635,490,7,RECEIVED
106b4e_1_5_0,0x106b4e,14,1,5,0,190335,190345,10,12,RECEIVED
115dab_5_2_0,0x115dab,15,5,2,0,190575,191015,440,9,RECEIVED
a4bac_1_5_0,0xa4bac,0,1,5,0,190675,190685,10,12,RECEIVED
64970b_0_2_0,0x64970b,1,0,2,0,190785,190975,190,1,RECEIVED
1c160c_0_1_1,0x1c160c,2,0,1,1,190875,191165,290,0,RECEIVED
69cd32_0_3_0,0x69cd32,3,0,3,0,191115,191215,100,2,RECEIVED
3c1d0a_4_0_1,0x3c1d0a,4,4,0,1,191215,191705,490,7,RECEIVED
50fea2_3_0_0,0x50fea2,5,3,0,0,191495,191955,460,6,RECEIVED
15349_3_5_1,0x15349,6,3,5,1,191645,191835,190,14,RECEIVED
5036af_4_5_0,0x5036af,7,4,5,0,191775,192055,280,15,RECEIVED
457e0f_5_2_1,0x457e0f,8,5,2,1,191985,192445,460,9,RECEIVED
4d3d2d_5_1_1,0x4d3d2d,9,5,1,1,192245,192795,550,8,RECEIVED
166637_5_4_1,0x166637,10,5,4,1,192355,192635,280,11,RECEIVED
324df3_3_5_1,0x324df3,11,3,5,1,192515,192705,190,14,RECEIVED
7d4f19_3_5_0,0x7d4f19,12,3,5,0,192765,192955,190,14,RECEIVED
7c7abe_0_2_1,0x7c7abe,13,0,2,1,192985,193175,190,1,RECEIVED
7fadc7_0_3_1,0x7fadc7,14,0,3,1,193145,193245,100,2,RECEIVED
ef07c_5_1_1,0xef07c,15,5,1,1,193235,193785,550,8,RECEIVED
43de1e_0_2_1,0x43de1e,0,0,2,1,193385,193575,190,1,RECEIVED
6f5165_1_0_0,0x6f5165,1,1,0,0,193665,193945,280,4,RECEIVED
13f5b2_1_5_1,0x13f5b2,2,1,5,1,193805,193815,10,12,RECEIVED
7a72b5_5_4_0,0x7a72b5,3,5,4,0,193985,194265,280,11,RECEIVED
109e61_2_5_0,0x109e61,4,2,5,0,194165,194265,100,13,RECEIVED
a924f_5_2_1,0xa924f,5,5,2,1,194425,194885,460,9,RECEIVED
2fb2e8_4_0_1,0x2fb2e8,6,4,0,1,194685,195235,550,7,RECEIVED
67730d_4_5_0,0x67730d,7,4,5,0,194885,195165,280,15,RECEIVED
6d0090_0_2_1,0x6d0090,8,0,2,1,195115,195305,190,1,RECEIVED
6091ad_0_2_0,0x6091ad,9,0,2,0,195245,195435,190,1,RECEIVED
3caef_3_0_1,0x3caef,10,3,0,1,195445,195725,280,6,RECEIVED
43f7c3_2_5_0,0x43f7c3,11,2,5,0,195635,195735,100,13,RECEIVED
754f99_4_0_0,0x754f99,12,4,0,0,195845,196355,510,7,RECEIVED
6395c9_0_3_0,0x6395c9,13,0,3,0,196095,196195,100,2,RECEIVED
64eee5_5_3_1,0x64eee5,14,5,3,1,196305,196675,370,10,RECEIVED
32a9e5_2_0_1,0x32a9e5,15,2,0,1,196425,196615,190,5,RECEIVED
10cbe8_4_5_1,0x10cbe8,0,4,5,1,196605,196795,190,15,RECEIVED
7633b2_2_0_1,0x7633b2,1,2,0,1,196745,197025,280,5,RECEIVED
50d5a5_2_5_1,0x50d5a5,2,2,5,1,196855,196865,10,13,RECEIVED
2885d3_0_3_0,0x2885d3,3,0,3,0,197115,197245,130,2,RECEIVED
5bd559_5_3_0,0x5bd559,4,5,3,0,197245,197485,240,10,RECEIVED
1e19a_3_5_0,0x1e19a,5,3,5,0,197475,197575,100,14,RECEIVED
239055_0_4_0,0x239055,6,0,4,0,197745,197835,90,3,RECEIVED
65905c_1_0_0,0x65905c,7,1,0,0,197955,198265,310,4,RECEIVED
1f231c_5_1_0,0x1f231c,8,5,1,0,198205,198665,460,8,RECEIVED
50a381_4_0_0,0x50a381,9,4,0,0,198465,198925,460,7,RECEIVED
746a8f_0_3_0,0x746a8f,10,0,3,0,198655,198845,190,2,RECEIVED
60b0a0_2_5_1,0x60b0a0,11,2,5,1,198795,198805,10,13,RECEIVED
6cf92_1_0_0,0x6cf92,12,1,0,0,199005,199455,450,4,RECEIVED
9b5e8_1_0_1,0x9b5e8,13,1,0,1,199095,199415,320,4,RECEIVED
7040d_3_0_0,0x7040d,14,3,0,0,199385,199755,370,6,RECEIVED
48bbdf_2_5_1,0x48bbdf,15,2,5,1,199545,199555,10,13,RECEIVED
22b25d_5_3_1,0x22b25d,0,5,3,1,199715,199935,220,10,RECEIVED
32461b_0_2_1,0x32461b,1,0,2,1,199885,200165,280,1,RECEIVED
5a190f_5_2_0,0x5a190f,2,5,2,0,200065,200395,330,9,RECEIVED
618774_4_5_0,0x618774,3,4,5,0,200345,200535,190,15,RECEIVED
416800_0_1_1,0x416800,4,0,1,1,200555,200905,350,0,RECEIVED
68ca2_0_2_1,0x68ca2,5,0,2,1,200825,201105,280,1,RECEIVED
5349e4_3_5_0,0x5349e4,6,3,5,0,200915,201015,100,14,RECEIVED
41b877_3_5_1,0x41b877,7,3,5,1,201055,201155,100,14,RECEIVED
7a2778_3_0_1,0x7a2778,8,3,0,1,201275,201465,190,6,RECEIVED
17f91_0_3_0,0x17f91,9,0,3,0,201455,201585,130,2,RECEIVED
597897_0_4_1,0x597897,10,0,4,1,201705,201805,100,3,RECEIVED
1267e8_5_4_0,0x1267e8,11,5,4,0,201995,202185,190,11,RECEIVED
3e4d8c_0_1_0,0x3e4d8c,12,0,1,0,202195,202505,310,0,RECEIVED
499c6e_5_2_0,0x499c6e,13,5,2,0,202485,202835,350,9,RECEIVED
646924_4_5_1,0x646924,14,4,5,1,202595,202785,190,15,RECEIVED
58b834_1_5_0,0x58b834,15,1,5,0,202705,202805,100,12,RECEIVED
7de453_5_1_0,0x7de453,0,5,1,0,202845,203285,440,8,RECEIVED
5e0651_2_5_0,0x5e0651,1,2,5,0,203035,203045,10,13,RECEIVED
5e3f88_1_5_0,0x5e3f88,2,1,5,0,203125,203225,100,12,RECEIVED
29b114_4_0_1,0x29b114,3,4,0,1,203285,203625,340,7,RECEIVED
4f67de_4_5_1,0x4f67de,4,4,5,1,203535,203725,190,15,RECEIVED
1871b4_3_0_0,0x1871b4,5,3,0,0,203695,204065,370,6,RECEIVED
7228ab_1_5_1,0x7228ab,6,1,5,1,203875,203975,100,12,RECEIVED
260c2c_1_5_1,0x260c2c,7,1,5,1,204155,204255,100,12,RECEIVED
4655c4_1_0_1,0x4655c4,8,1,0,1,204435,204765,330,4,RECEIVED
5722d7_5_4_1,0x5722d7,9,5,4,1,204635,204825,190,11,RECEIVED
2b54a1_0_4_0,0x2b54a1,10,0,4,0,204875,204975,100,3,RECEIVED
667c61_5_2_1,0x667c61,11,5,2,1,205075,205445,370,9,RECEIVED
7c05f_1_0_0,0x7c05f,12,1,0,0,205355,205665,310,4,RECEIVED
4fe199_3_5_0,0x4fe199,13,3,5,0,205605,205705,100,14,RECEIVED
2007a8_1_5_1,0x2007a8,14,1,5,1,205865,205965,100,12,RECEIVED
687699_0_4_0,0x687699,15,0,4,0,206145,206245,100,3,RECEIVED
41764a_3_5_1,0x41764a,0,3,5,1,206335,206435,100,14,RECEIVED
4986cf_2_0_1,0x4986cf,1,2,0,1,206585,206865,280,5,RECEIVED
6ec2c3_0_3_1,0x6ec2c3,2,0,3,1,206775,206965,190,2,RECEIVED
21ce6f_5_2_1,0x21ce6f,3,5,2,1,207015,207385,370,9,RECEIVED
636623_0_2_1,0x636623,4,0,2,1,207175,207455,280,1,RECEIVED
3d1737_1_0_1,0x3d1737,5,1,0,1,207375,207725,350,4,RECEIVED
50c9f4_5_4_1,0x50c9f4,6,5,4,1,207605,207795,190,11,RECEIVED
1924cb_5_1_0,0x1924cb,7,5,1,0,207795,208235,440,8,RECEIVED
3cefbc_1_0_0,0x3cefbc,8,1,0,0,207965,208275,310,4,RECEIVED
147645_4_5_1,0x147645,9,4,5,1,208245,208435,190,15,RECEIVED
1bae86_2_5_1,0x1bae86,10,2,5,1,208375,208385,10,13,RECEIVED
102e85_5_3_1,0x102e85,11,5,3,1,208495,208775,280,10,RECEIVED
7d21a8_2_5_1,0x7d21a8,12,2,5,1,208635,208645,10,13,RECEIVED
5fb8bf_1_5_0,0x5fb8bf,13,1,5,0,208795,208895,100,12,RECEIVED
18f1ec_0_3_0,0x18f1ec,14,0,3,0,209055,0,0,-1,LOST
265fde_5_3_0,0x265fde,15,5,3,0,209145,209295,150,10,RECEIVED
106266_5_3_0,0x106266,0,5,3,0,209295,209575,280,10,RECEIVED
1bd6d5_3_5_0,0x1bd6d5,1,3,5,0,209455,209555,100,14,RECEIVED
4198fe_2_0_1,0x4198fe,2,2,0,1,209655,209935,280,5,RECEIVED
257636_1_0_0,0x257636,3,1,0,0,209855,210225,370,4,RECEIVED
51c77c_5_3_1,0x51c77c,4,5,3,1,210075,210295,220,10,RECEIVED
6a462_0_3_0,0x6a462,5,0,3,0,210365,210495,130,2,RECEIVED
1d0816_3_0_1,0x1d0816,6,3,0,1,210475,210665,190,6,RECEIVED
7d1fee_4_0_1,0x7d1fee,7,4,0,1,210655,211055,400,7,RECEIVED
114231_1_5_0,0x114231,8,1,5,0,210915,211015,100,12,RECEIVED
1c5a4a_4_5_0,0x1c5a4a,9,4,5,0,211025,211215,190,15,RECEIVED
32eff5_0_4_1,0x32eff5,10,0,4,1,211195,211295,100,3,RECEIVED
43311f_2_5_0,0x43311f,11,2,5,0,211295,211305,10,13,RECEIVED
719e06_1_0_1,0x719e06,12,1,0,1,211555,211885,330,4,RECEIVED
24bc3c_4_5_1,0x24bc3c,13,4,5,1,211845,212035,190,15,RECEIVED
231d62_2_5_1,0x231d62,14,2,5,1,212065,212075,10,13,RECEIVED
56120d_0_4_1,0x56120d,15,0,4,1,212345,212445,100,3,RECEIVED
5d467d_5_1_1,0x5d467d,0,5,1,1,212445,212815,370,8,RECEIVED
4db6a8_5_4_1,0x4db6a8,1,5,4,1,212675,212775,100,11,RECEIVED
1b8e04_4_5_1,0x1b8e04,2,4,5,1,212895,212995,100,15,RECEIVED
5d1623_4_5_0,0x5d1623,3,4,5,0,213075,213175,100,15,RECEIVED
37674_0_1_1,0x37674,4,0,1,1,213335,213785,450,0,RECEIVED
26f2ad_5_4_0,0x26f2ad,5,5,4,0,213585,213685,100,11,RECEIVED
f6798_3_5_1,0xf6798,6,3,5,1,213725,213735,10,14,RECEIVED
29fe1c_0_3_0,0x29fe1c,7,0,3,0,213915,214075,160,2,RECEIVED
97ead_0_1_1,0x97ead,8,0,1,1,214075,214515,440,0,RECEIVED
7df1af_5_1_1,0x7df1af,9,5,1,1,214265,214635,370,8,RECEIVED
6f2074_0_4_1,0x6f2074,10,0,4,1,214495,214685,190,3,RECEIVED
7d59b5_0_1_1,0x7d59b5,11,0,1,1,214645,215105,460,0,RECEIVED
456f72_0_1_0,0x456f72,12,0,1,0,214865,215205,340,0,RECEIVED
2a196d_5_1_1,0x2a196d,13,5,1,1,215045,215415,370,8,RECEIVED
40809b_0_3_1,0x40809b,14,0,3,1,215175,215455,280,2,RECEIVED
30397b_0_2_1,0x30397b,15,0,2,1,215425,215795,370,1,RECEIVED
353750_1_5_1,0x353750,0,1,5,1,215625,215815,190,12,RECEIVED
7f17ca_0_3_0,0x7f17ca,1,0,3,0,215835,216055,220,2,RECEIVED
6eacdd_1_5_0,0x6eacdd,2,1,5,0,215945,216135,190,12,RECEIVED
391f38_5_2_1,0x391f38,3,5,2,1,216035,216315,280,9,RECEIVED
4de7f8_3_0_0,0x4de7f8,4,3,0,0,216215,216495,280,6,RECEIVED
1b9622_0_1_0,0x1b9622,5,0,1,0,216475,216935,460,0,RECEIVED
7e0099_1_0_0,0x7e0099,6,1,0,0,216605,217065,460,4,RECEIVED
66164b_4_0_0,0x66164b,7,4,0,0,216805,217155,350,7,RECEIVED
da95f_4_5_1,0xda95f,8,4,5,1,217095,217195,100,15,RECEIVED
355a15_3_0_0,0x355a15,9,3,0,0,217185,217465,280,6,RECEIVED
3eec68_1_5_1,0x3eec68,10,1,5,1,217315,217505,190,12,RECEIVED
5d6c94_5_3_0,0x5d6c94,11,5,3,0,217405,217575,170,10,RECEIVED
3b2128_4_5_1,0x3b2128,12,4,5,1,217545,217645,100,15,RECEIVED
be178_4_0_0,0xbe178,13,4,0,0,217715,218085,370,7,RECEIVED
66dccf_1_0_1,0x66dccf,14,1,0,1,217955,218375,420,4,RECEIVED
cadac_5_3_1,0xcadac,15,5,3,1,218235,218365,130,10,RECEIVED
22b78b_0_3_1,0x22b78b,0,0,3,1,218435,218715,280,2,RECEIVED
1f5930_5_3_0,0x1f5930,1,5,3,0,218715,218885,170,10,RECEIVED
782c8_5_3_0,0x782c8,2,5,3,0,218865,219055,190,10,RECEIVED
48ad0f_5_3_0,0x48ad0f,3,5,3,0,219125,219315,190,10,RECEIVED
507a89_5_1_0,0x507a89,4,5,1,0,219285,219655,370,8,RECEIVED
26481b_1_5_1,0x26481b,5,1,5,1,219415,219605,190,12,RECEIVED
272c59_1_5_1,0x272c59,6,1,5,1,219665,219855,190,12,RECEIVED
605708_0_1_0,0x605708,7,0,1,0,219945,220345,400,0,RECEIVED
acbe1_1_5_0,0xacbe1,8,1,5,0,220155,220345,190,12,RECEIVED
422dc1_5_3_1,0x422dc1,9,5,3,1,220365,220495,130,10,RECEIVED
655799_0_1_0,0x655799,10,0,1,0,220635,221095,460,0,RECEIVED
3a37be_4_5_1,0x3a37be,11,4,5,1,220885,220985,100,15,RECEIVED
373659_4_5_1,0x373659,12,4,5,1,221145,221245,100,15,RECEIVED
4e80c4_0_3_0,0x4e80c4,13,0,3,0,221265,221485,220,2,RECEIVED
3cb12_2_5_0,0x3cb12,14,2,5,0,221405,221505,100,13,RECEIVED
6107d9_3_0_1,0x6107d9,15,3,0,1,221535,221815,280,6,RECEIVED
170db5_5_2_1,0x170db5,0,5,2,1,221695,221975,280,9,RECEIVED
2c91c9_1_0_1,0x2c91c9,1,1,0,1,221795,222215,420,4,RECEIVED
1a211a_5_3_0,0x1a211a,2,5,3,0,221925,222095,170,10,RECEIVED
6de131_0_2_0,0x6de131,3,0,2,0,222185,222435,250,1,RECEIVED
77360b_4_0_1,0x77360b,4,4,0,1,222285,222535,250,7,RECEIVED
49706f_3_5_1,0x49706f,5,3,5,1,222515,222525,10,14,RECEIVED
12c9a6_0_3_0,0x12c9a6,6,0,3,0,222605,222825,220,2,RECEIVED
4afdaa_0_4_1,0x4afdaa,7,0,4,1,222825,223015,190,3,RECEIVED
16642b_3_5_1,0x16642b,8,3,5,1,222965,222975,10,14,RECEIVED
4163ee_1_5_0,0x4163ee,9,1,5,0,223115,223305,190,12,RECEIVED
609e76_3_5_1,0x609e76,10,3,5,1,223315,223325,10,14,RECEIVED
6939bb_3_0_0,0x6939bb,11,3,0,0,223575,223855,280,6,RECEIVED
aaadd_0_3_0,0xaaadd,12,0,3,0,223655,223965,310,2,RECEIVED
64736c_5_3_1,0x64736c,13,5,3,1,223795,223895,100,10,RECEIVED
7b49c5_2_0_1,0x7b49c5,14,2,0,1,224025,224415,390,5,RECEIVED
763408_4_5_1,0x763408,15,4,5,1,224125,224135,10,15,RECEIVED
166213_0_4_0,0x166213,0,0,4,0,224245,224525,280,3,RECEIVED
82064_5_1_0,0x82064,1,5,1,0,224355,224635,280,8,RECEIVED
23cbbf_0_2_0,0x23cbbf,2,0,2,0,224605,224945,340,1,RECEIVED
7a7326_1_5_0,0x7a7326,3,1,5,0,224725,225005,280,12,RECEIVED
1f2038_3_5_1,0x1f2038,4,3,5,1,224895,224995,100,14,RECEIVED
140e8e_3_0_0,0x140e8e,5,3,0,0,225135,225445,310,6,RECEIVED
422935_4_5_0,0x422935,6,4,5,0,225235,225245,10,15,RECEIVED
2ab73b_0_2_1,0x2ab73b,7,0,2,1,225445,225865,420,1,RECEIVED
6821fd_4_0_0,0x6821fd,8,4,0,0,225575,225855,280,7,RECEIVED
4734e9_5_4_0,0x4734e9,9,5,4,0,225845,225855,10,11,RECEIVED
7b7e2d_1_0_1,0x7b7e2d,10,1,0,1,226025,226575,550,4,RECEIVED
4f6313_2_5_1,0x4f6313,11,2,5,1,226165,226355,190,13,RECEIVED
c0ee3_3_0_0,0xc0ee3,12,3,0,0,226395,226765,370,6,RECEIVED
7c2d87_5_2_1,0x7c2d87,13,5,2,1,226665,226855,190,9,RECEIVED
39d30e_4_5_1,0x39d30e,14,4,5,1,226775,226785,10,15,RECEIVED
71b850_0_4_1,0x71b850,15,0,4,1,227005,227285,280,3,RECEIVED
2ba140_3_0_1,0x2ba140,0,3,0,1,227185,227495,310,6,RECEIVED
d5c15_1_5_0,0xd5c15,1,1,5,0,227425,227705,280,12,RECEIVED
2f9978_5_1_1,0x2f9978,2,5,1,1,227615,227895,280,8,RECEIVED
34a5fe_0_3_0,0x34a5fe,3,0,3,0,227775,227965,190,2,RECEIVED
2bb4da_5_4_1,0x2bb4da,4,5,4,1,227965,227975,10,11,RECEIVED
1b81e5_4_5_0,0x1b81e5,5,4,5,0,228075,228085,10,15,RECEIVED
6c732a_0_4_0,0x6c732a,6,0,4,0,228285,228565,280,3,RECEIVED
54a30f_4_5_0,0x54a30f,7,4,5,0,228455,228465,10,15,RECEIVED
74425d_2_0_1,0x74425d,8,2,0,1,228595,229015,420,5,RECEIVED
45c819_0_2_0,0x45c819,9,0,2,0,228825,229105,280,1,RECEIVED
74b38a_0_4_0,0x74b38a,10,0,4,0,229105,229385,280,3,RECEIVED
1e41bc_3_5_0,0x1e41bc,11,3,5,0,229315,229415,100,14,RECEIVED
1955aa_2_0_0,0x1955aa,12,2,0,0,229485,229825,340,5,RECEIVED
51eb3b_5_3_0,0x51eb3b,13,5,3,0,229585,229685,100,10,RECEIVED
5d7241_5_2_0,0x5d7241,14,5,2,0,229685,229875,190,9,RECEIVED
3b9d0d_1_5_1,0x3b9d0d,15,1,5,1,229805,230085,280,12,RECEIVED
21bf70_1_5_1,0x21bf70,0,1,5,1,230095,0,0,-1,LOST
7e0d35_3_5_1,0x7e0d35,1,3,5,1,230185,230195,10,14,RECEIVED
27fee4_3_5_1,0x27fee4,2,3,5,1,230405,230505,100,14,RECEIVED
4f5820_1_5_0,0x4f5820,3,1,5,0,230515,230795,280,12,RECEIVED
6758d9_5_1_1,0x6758d9,4,5,1,1,230615,230895,280,8,RECEIVED
75e8d9_3_0_0,0x75e8d9,5,3,0,0,230825,231195,370,6,RECEIVED
60e2fa_3_0_1,0x60e2fa,6,3,0,1,231105,231415,310,6,RECEIVED
26c214_0_1_1,0x26c214,7,0,1,1,231285,231795,510,0,RECEIVED
64d993_1_5_1,0x64d993,8,1,5,1,231395,231675,280,12,RECEIVED
2540ca_2_5_1,0x2540ca,9,2,5,1,231505,231695,190,13,RECEIVED
535a01_4_0_0,0x535a01,10,4,0,0,231635,231915,280,7,RECEIVED
5c52d9_2_5_1,0x5c52d9,11,2,5,1,231825,232015,190,13,RECEIVED
3bc8ac_2_0_0,0x3bc8ac,12,2,0,0,232075,232475,400,5,RECEIVED
393929_4_5_0,0x393929,13,4,5,0,232175,232185,10,15,RECEIVED
729bea_0_4_1,0x729bea,14,0,4,1,232425,232705,280,3,RECEIVED
489c9e_2_0_0,0x489c9e,15,2,0,0,232645,233105,460,5,RECEIVED
7224d0_5_2_0,0x7224d0,0,5,2,0,232915,233105,190,9,RECEIVED
5c98e3_5_1_0,0x5c98e3,1,5,1,0,233125,233405,280,8,RECEIVED
75073_5_2_0,0x75073,2,5,2,0,233375,233565,190,9,RECEIVED
349a1_2_5_1,0x349a1,3,2,5,1,233605,233795,190,13,RECEIVED
571d0f_1_5_0,0x571d0f,4,1,5,0,233835,234115,280,12,RECEIVED
445cbe_2_0_0,0x445cbe,5,2,0,0,234085,234545,460,5,RECEIVED
b577b_0_2_0,0xb577b,6,0,2,0,234355,234695,340,1,RECEIVED
688658_1_0_1,0x688658,7,1,0,1,234455,234985,530,4,RECEIVED
237a29_1_5_0,0x237a29,8,1,5,0,234725,235005,280,12,RECEIVED
37a5a4_3_0_0,0x37a5a4,9,3,0,0,235015,235385,370,6,RECEIVED
715070_0_1_1,0x715070,10,0,1,1,235135,235685,550,0,RECEIVED
395c33_2_0_1,0x395c33,11,2,0,1,235325,235745,420,5,RECEIVED
75c9e7_5_2_0,0x75c9e7,12,5,2,0,235485,235675,190,9,RECEIVED
765ee4_4_5_1,0x765ee4,13,4,5,1,235745,235755,10,15,RECEIVED
4aa678_3_0_0,0x4aa678,14,3,0,0,235925,236295,370,6,RECEIVED
400667_0_1_0,0x400667,15,0,1,0,236195,236625,430,0,RECEIVED
68a50d_4_0_0,0x68a50d,0,4,0,0,236325,236605,280,7,RECEIVED
35c13d_0_1_1,0x35c13d,1,0,1,1,236525,237055,530,0,RECEIVED
4aac0d_0_4_1,0x4aac0d,2,0,4,1,236715,236995,280,3,RECEIVED
6597d9_0_3_0,0x6597d9,3,0,3,0,236935,237125,190,2,RECEIVED
2aab67_0_3_0,0x2aab67,4,0,3,0,237135,237505,370,2,RECEIVED
694d34_4_0_1,0x694d34,5,4,0,1,237415,237695,280,7,RECEIVED
3f7e1f_0_3_0,0x3f7e1f,6,0,3,0,237705,238075,370,2,RECEIVED
21b7a3_0_3_1,0x21b7a3,7,0,3,1,237895,238245,350,2,RECEIVED
2cfce7_0_2_1,0x2cfce7,8,0,2,1,238055,238515,460,1,RECEIVED
3689e9_0_1_1,0x3689e9,9,0,1,1,238275,238825,550,0,RECEIVED
125376_5_2_0,0x125376,10,5,2,0,238475,238665,190,9,RECEIVED
50607a_5_3_1,0x50607a,11,5,3,1,238755,238855,100,10,RECEIVED
b590e_5_1_0,0xb590e,12,5,1,0,239025,239205,180,8,RECEIVED
4d8540_5_3_1,0x4d8540,13,5,3,1,239195,0,0,-1,LOST
54ca50_2_5_1,0x54ca50,14,2,5,1,239285,239405,120,13,RECEIVED
240d4a_2_0_1,0x240d4a,15,2,0,1,239505,239605,100,5,RECEIVED
66e64e_2_5_0,0x66e64e,0,2,5,0,239765,239935,170,13,RECEIVED
66f709_4_5_0,0x66f709,1,4,5,0,239925,240385,460,15,RECEIVED
2da40a_2_5_0,0x2da40a,2,2,5,0,240185,240555,370,13,RECEIVED
17920e_0_3_0,0x17920e,3,0,3,0,240445,240635,190,2,RECEIVED
27a22b_4_5_0,0x27a22b,4,4,5,0,240615,241165,550,15,RECEIVED
15851b_0_4_0,0x15851b,5,0,4,0,240855,241135,280,3,RECEIVED
2d9b96_4_0_1,0x2d9b96,6,4,0,1,241005,241285,280,7,RECEIVED
215a56_3_0_0,0x215a56,7,3,0,0,241165,241355,190,6,RECEIVED
6bffff_5_3_1,0x6bffff,8,5,3,1,241335,241715,380,10,RECEIVED
350373_0_2_1,0x350373,9,0,2,1,241625,241725,100,1,RECEIVED
438b92_0_2_1,0x438b92,10,0,2,1,241745,241845,100,1,RECEIVED
436d99_5_3_1,0x436d99,11,5,3,1,241915,242375,460,10,RECEIVED
6a681d_5_2_0,0x6a681d,12,5,2,0,242195,242405,210,9,RECEIVED
2b78a4_5_1_0,0x2b78a4,13,5,1,0,242425,242705,280,8,RECEIVED
48cf08_3_5_1,0x48cf08,14,3,5,1,242595,242955,360,14,RECEIVED
386b4e_0_4_1,0x386b4e,15,0,4,1,242745,243025,280,3,RECEIVED
4d3c24_0_4_1,0x4d3c24,0,0,4,1,242865,243145,280,3,RECEIVED
a2f4c_0_1_1,0xa2f4c,1,0,1,1,242955,242965,10,0,RECEIVED
7616ae_5_3_0,0x7616ae,2,5,3,0,243095,243375,280,10,RECEIVED
70013d_0_2_1,0x70013d,3,0,2,1,243385,243485,100,1,RECEIVED
4fd8b7_1_0_1,0x4fd8b7,4,1,0,1,243495,243505,10,4,RECEIVED
624135_5_3_0,0x624135,5,5,3,0,243655,244115,460,10,RECEIVED
6de4c3_4_0_0,0x6de4c3,6,4,0,0,243755,244035,280,7,RECEIVED
3df79a_3_5_0,0x3df79a,7,3,5,0,243865,244265,400,14,RECEIVED
5345c5_4_5_1,0x5345c5,8,4,5,1,244055,244545,490,15,RECEIVED
6a235d_2_0_1,0x6a235d,9,2,0,1,244305,244405,100,5,RECEIVED
3b37e4_3_5_1,0x3b37e4,10,3,5,1,244435,244855,420,14,RECEIVED
242dcb_5_4_1,0x242dcb,11,5,4,1,244595,245145,550,11,RECEIVED
5ed3ad_5_4_0,0x5ed3ad,12,5,4,0,244885,245315,430,11,RECEIVED
1034bc_5_4_0,0x1034bc,13,5,4,0,245025,245575,550,11,RECEIVED
34b135_4_0_0,0x34b135,14,4,0,0,245315,245595,280,7,RECEIVED
59976d_5_1_1,0x59976d,15,5,1,1,245535,245815,280,8,RECEIVED
476c00_1_5_1,0x476c00,0,1,5,1,245805,246085,280,12,RECEIVED
7657ac_5_3_1,0x7657ac,1,5,3,1,246075,246535,460,10,RECEIVED
5483ac_4_0_0,0x5483ac,2,4,0,0,246295,246575,280,7,RECEIVED
749bb3_0_4_1,0x749bb3,3,0,4,1,246515,246795,280,3,RECEIVED
50effc_0_3_0,0x50effc,4,0,3,0,246725,246915,190,2,RECEIVED
d0dfd_5_1_0,0xd0dfd,5,5,1,0,246925,0,0,-1,LOST
15534e_2_5_1,0x15534e,6,2,5,1,247015,247235,220,13,RECEIVED
5e5430_2_5_0,0x5e5430,7,2,5,0,247295,247605,310,13,RECEIVED
778877_5_3_1,0x778877,8,5,3,1,247415,247875,460,10,RECEIVED
62a37e_4_5_0,0x62a37e,9,4,5,0,247515,248065,550,15,RECEIVED
494b79_1_5_0,0x494b79,10,1,5,0,247605,247895,290,12,RECEIVED
28b4c5_2_0_0,0x28b4c5,11,2,0,0,247805,247905,100,5,RECEIVED
115509_0_3_1,0x115509,12,0,3,1,247945,248135,190,2,RECEIVED
5546f8_4_0_0,0x5546f8,13,4,0,0,248185,248465,280,7,RECEIVED
7d3c60_4_0_1,0x7d3c60,14,4,0,1,248425,248705,280,7,RECEIVED
3b6a55_4_5_0,0x3b6a55,15,4,5,0,248695,249245,550,15,RECEIVED
58655c_0_1_0,0x58655c,0,0,1,0,248785,248795,10,0,RECEIVED
46f49e_5_2_0,0x46f49e,1,5,2,0,248925,249115,190,9,RECEIVED
3b312b_2_0_0,0x3b312b,2,2,0,0,249015,249115,100,5,RECEIVED
6f9ca5_4_0_0,0x6f9ca5,3,4,0,0,249275,249555,280,7,RECEIVED
44b580_0_2_1,0x44b580,4,0,2,1,249435,249535,100,1,RECEIVED
7b5194_5_3_1,0x7b5194,5,5,3,1,249715,250155,440,10,RECEIVED
19b553_0_2_1,0x19b553,6,0,2,1,249825,249925,100,1,RECEIVED
7cb40a_0_3_0,0x7cb40a,7,0,3,0,250025,250215,190,2,RECEIVED
5305b5_0_3_1,0x5305b5,8,0,3,1,250135,250325,190,2,RECEIVED
fbb2d_5_1_0,0xfbb2d,9,5,1,0,250245,250525,280,8,RECEIVED
31792b_4_5_1,0x31792b,10,4,5,1,250445,250975,530,15,RECEIVED
4cb7da_5_4_0,0x4cb7da,11,5,4,0,250595,251085,490,11,RECEIVED
26a8a8_0_1_1,0x26a8a8,12,0,1,1,250705,250715,10,0,RECEIVED
2b034d_3_0_1,0x2b034d,13,3,0,1,250935,251125,190,6,RECEIVED
66fd91_1_5_0,0x66fd91,14,1,5,0,251105,251385,280,12,RECEIVED
2494a3_3_0_1,0x2494a3,15,3,0,1,251205,251395,190,6,RECEIVED
cdf22_0_4_1,0xcdf22,0,0,4,1,251305,251585,280,3,RECEIVED
48d2c0_5_2_1,0x48d2c0,1,5,2,1,251565,251935,370,9,RECEIVED
5a36b0_1_5_1,0x5a36b0,2,1,5,1,251795,252075,280,12,RECEIVED
79523e_0_1_0,0x79523e,3,0,1,0,252075,252085,10,0,RECEIVED
de180_0_3_1,0xde180,4,0,3,1,252265,252455,190,2,RECEIVED
3706b2_0_4_0,0x3706b2,5,0,4,0,252465,252745,280,3,RECEIVED
618877_0_2_0,0x618877,6,0,2,0,252655,252755,100,1,RECEIVED
6ca653_5_3_0,0x6ca653,7,5,3,0,252795,253075,280,10,RECEIVED
2802fb_4_5_1,0x2802fb,8,4,5,1,252935,253445,510,15,RECEIVED
341aba_5_2_1,0x341aba,9,5,2,1,253185,253555,370,9,RECEIVED
6434e9_2_5_1,0x6434e9,10,2,5,1,253425,253735,310,13,RECEIVED
535a48_0_1_1,0x535a48,11,0,1,1,253525,253535,10,0,RECEIVED
475a92_2_5_1,0x475a92,12,2,5,1,253775,253995,220,13,RECEIVED
e6901_5_1_1,0xe6901,13,5,1,1,253975,254225,250,8,RECEIVED
3a15c6_2_0_1,0x3a15c6,14,2,0,1,254225,254355,130,5,RECEIVED
53ce20_4_0_0,0x53ce20,15,4,0,0,254485,254805,320,7,RECEIVED
497cf8_5_2_0,0x497cf8,0,5,2,0,254725,255005,280,9,RECEIVED
51a01e_5_1_0,0x51a01e,1,5,1,0,254885,255255,370,8,RECEIVED
617cf7_5_3_0,0x617cf7,2,5,3,0,255085,255335,250,10,RECEIVED
45ec0f_5_2_0,0x45ec0f,3,5,2,0,255235,255515,280,9,RECEIVED
2fcf16_5_2_0,0x2fcf16,4,5,2,0,255425,255705,280,9,RECEIVED
10dd63_0_4_0,0x10dd63,5,0,4,0,255615,255805,190,3,RECEIVED
75027a_3_5_0,0x75027a,6,3,5,0,255745,256055,310,14,RECEIVED
749d4d_5_3_1,0x749d4d,7,5,3,1,255955,256305,350,10,RECEIVED
402df0_1_0_0,0x402df0,8,1,0,0,256085,256185,100,4,RECEIVED
71b2c1_5_3_1,0x71b2c1,9,5,3,1,256375,256745,370,10,RECEIVED
776de8_3_5_1,0x776de8,10,3,5,1,256575,256905,330,14,RECEIVED
29b2fc_1_0_1,0x29b2fc,11,1,0,1,256735,256835,100,4,RECEIVED
2f51d9_1_0_0,0x2f51d9,12,1,0,0,256935,257035,100,4,RECEIVED
183f8c_0_2_1,0x183f8c,13,0,2,1,257205,257215,10,1,RECEIVED
158ac0_4_5_0,0x158ac0,14,4,5,0,257495,257835,340,15,RECEIVED
a67df_5_1_1,0xa67df,15,5,1,1,257605,257915,310,8,RECEIVED
3da037_4_5_0,0x3da037,0,4,5,0,257785,258245,460,15,RECEIVED
653fc1_3_0_1,0x653fc1,1,3,0,1,257995,258215,220,6,RECEIVED
3aae43_4_5_0,0x3aae43,2,4,5,0,258235,258695,460,15,RECEIVED
17791d_2_0_1,0x17791d,3,2,0,1,258375,258505,130,5,RECEIVED
52652d_3_0_1,0x52652d,4,3,0,1,258645,258925,280,6,RECEIVED
20ecd0_0_3_0,0x20ecd0,5,0,3,0,258825,258925,100,2,RECEIVED
258161_2_0_1,0x258161,6,2,0,1,259115,259305,190,5,RECEIVED
2e3e62_2_0_0,0x2e3e62,7,2,0,0,259315,259485,170,5,RECEIVED
1435f5_5_4_0,0x1435f5,8,5,4,0,259405,259865,460,11,RECEIVED
6e958_5_3_0,0x6e958,9,5,3,0,259685,259935,250,10,RECEIVED
71a675_5_4_0,0x71a675,10,5,4,0,259895,260355,460,11,RECEIVED
6848cd_1_0_1,0x6848cd,11,1,0,1,259995,260095,100,4,RECEIVED
d023a_5_1_1,0xd023a,12,5,1,1,260125,260495,370,8,RECEIVED
56a3bb_1_0_1,0x56a3bb,13,1,0,1,260265,260365,100,4,RECEIVED
139400_0_1_0,0x139400,14,0,1,0,260535,260635,100,0,RECEIVED
67d3a6_5_4_1,0x67d3a6,15,5,4,1,260795,261215,420,11,RECEIVED
551345_4_0_0,0x551345,0,4,0,0,261045,261375,330,7,RECEIVED
507b1a_5_3_1,0x507b1a,1,5,3,1,261295,261665,370,10,RECEIVED
22e695_5_2_0,0x22e695,2,5,2,0,261455,261735,280,9,RECEIVED
f455e_5_1_1,0xf455e,3,5,1,1,261695,262005,310,8,RECEIVED
46238a_2_5_0,0x46238a,4,2,5,0,261865,262145,280,13,RECEIVED
6c07a6_2_5_1,0x6c07a6,5,2,5,1,262105,262345,240,13,RECEIVED
3faa7b_4_0_0,0x3faa7b,6,4,0,0,262355,262705,350,7,RECEIVED
381df5_5_4_1,0x381df5,7,5,4,1,262465,262925,460,11,RECEIVED
5df648_0_1_1,0x5df648,8,0,1,1,262595,262695,100,0,RECEIVED
36bc33_2_5_0,0x36bc33,9,2,5,0,262795,263015,220,13,RECEIVED
52f644_5_1_1,0x52f644,10,5,1,1,262925,263235,310,8,RECEIVED
25a898_4_0_1,0x25a898,11,4,0,1,263155,263525,370,7,RECEIVED
3b8734_0_4_0,0x3b8734,12,0,4,0,263405,263595,190,3,RECEIVED
23d493_5_1_1,0x23d493,13,5,1,1,263585,263955,370,8,RECEIVED
7d729f_0_3_1,0x7d729f,14,0,3,1,263805,263905,100,2,RECEIVED
5f0e14_0_1_1,0x5f0e14,15,0,1,1,263955,264055,100,0,RECEIVED
344d28_4_0_0,0x344d28,0,4,0,0,264165,264515,350,7,RECEIVED
45a26d_0_1_1,0x45a26d,1,0,1,1,264265,264365,100,0,RECEIVED
49dfdb_5_3_0,0x49dfdb,2,5,3,0,264445,264695,250,10,RECEIVED
24d28a_0_1_0,0x24d28a,3,0,1,0,264665,264765,100,0,RECEIVED
53afd8_0_3_0,0x53afd8,4,0,3,0,264905,265005,100,2,RECEIVED
513cbc_0_1_1,0x513cbc,5,0,1,1,265005,265105,100,0,RECEIVED
67625f_5_3_0,0x67625f,6,5,3,0,265215,265585,370,10,RECEIVED
7b3feb_5_1_1,0x7b3feb,7,5,1,1,265305,265615,310,8,RECEIVED
10b649_4_0_1,0x10b649,8,4,0,1,265545,265915,370,7,RECEIVED
29f3f6_5_4_0,0x29f3f6,9,5,4,0,265765,266165,400,11,RECEIVED
7d2309_2_5_0,0x7d2309,10,2,5,0,265855,266145,290,13,RECEIVED
62bc63_4_5_0,0x62bc63,11,4,5,0,265975,266435,460,15,RECEIVED
182a8f_0_3_0,0x182a8f,12,0,3,0,266185,266285,100,2,RECEIVED
bc31b_3_0_0,0xbc31b,13,3,0,0,266355,266635,280,6,RECEIVED
11f2ab_2_5_0,0x11f2ab,14,2,5,0,266525,266805,280,13,RECEIVED
45949d_2_5_1,0x45949d,15,2,5,1,266645,266885,240,13,RECEIVED
2b9f9_0_2_1,0x2b9f9,0,0,2,1,266775,266785,10,1,RECEIVED
6f8a59_4_0_1,0x6f8a59,1,4,0,1,266935,267305,370,7,RECEIVED
458497_0_2_0,0x458497,2,0,2,0,267065,267075,10,1,RECEIVED
2de7e3_3_0_0,0x2de7e3,3,3,0,0,267165,267445,280,6,RECEIVED
77f229_5_1_0,0x77f229,4,5,1,0,267345,267695,350,8,RECEIVED
418da4_5_1_0,0x418da4,5,5,1,0,267435,267815,380,8,RECEIVED
6dfb06_5_1_1,0x6dfb06,6,5,1,1,267695,268005,310,8,RECEIVED
1fce1b_0_2_0,0x1fce1b,7,0,2,0,267885,267895,10,1,RECEIVED
4c07d7_1_5_1,0x4c07d7,8,1,5,1,268085,268275,190,12,RECEIVED
67ea8f_0_2_0,0x67ea8f,9,0,2,0,268335,268345,10,1,RECEIVED
20bc55_0_1_0,0x20bc55,10,0,1,0,268595,268695,100,0,RECEIVED
40cacd_4_0_1,0x40cacd,11,4,0,1,268685,269055,370,7,RECEIVED
7f30fc_2_5_1,0x7f30fc,12,2,5,1,268865,268995,130,13,RECEIVED
b8b81_5_3_0,0xb8b81,13,5,3,0,269055,269335,280,10,RECEIVED
59887c_5_4_0,0x59887c,14,5,4,0,269225,269535,310,11,RECEIVED
3969f2_1_0_0,0x3969f2,15,1,0,0,269385,269565,180,4,RECEIVED
2da36a_1_5_0,0x2da36a,0,1,5,0,269605,269705,100,12,RECEIVED
3023e5_2_5_1,0x3023e5,1,2,5,1,269835,270005,170,13,RECEIVED
63e745_2_0_1,0x63e745,2,2,0,1,270085,270245,160,5,RECEIVED
1b5c52_1_5_0,0x1b5c52,3,1,5,0,270375,270475,100,12,RECEIVED
6ddc7d_3_5_1,0x6ddc7d,4,3,5,1,270485,270745,260,14,RECEIVED
1c2f9b_3_0_1,0x1c2f9b,5,3,0,1,270575,270835,260,6,RECEIVED
27d08a_2_0_1,0x27d08a,6,2,0,1,270665,270965,300,5,RECEIVED
71ac20_4_0_0,0x71ac20,7,4,0,0,270765,271185,420,7,RECEIVED
59dccc_5_1_1,0x59dccc,8,5,1,1,270915,271255,340,8,RECEIVED
3f8b77_4_5_1,0x3f8b77,9,4,5,1,271015,271365,350,15,RECEIVED
3ca5d8_5_1_0,0x3ca5d8,10,5,1,0,271195,271635,440,8,RECEIVED
63a5f_1_5_0,0x63a5f,11,1,5,0,271445,271545,100,12,RECEIVED
4d827a_5_1_1,0x4d827a,12,5,1,1,271535,271935,400,8,RECEIVED
7b8c12_1_0_0,0x7b8c12,13,1,0,0,271695,271885,190,4,RECEIVED
32e8be_5_2_0,0x32e8be,14,5,2,0,271885,272195,310,9,RECEIVED
7dc5af_2_5_0,0x7dc5af,15,2,5,0,272055,272185,130,13,RECEIVED
61bf3d_0_3_0,0x61bf3d,0,0,3,0,272335,272345,10,2,RECEIVED
5efc46_2_0_0,0x5efc46,1,2,0,0,272465,272745,280,5,RECEIVED
577d74_0_4_0,0x577d74,2,0,4,0,272675,272775,100,3,RECEIVED
49bd03_0_3_0,0x49bd03,3,0,3,0,272905,272915,10,2,RECEIVED
3fc84d_5_1_0,0x3fc84d,4,5,1,0,273175,273615,440,8,RECEIVED
10e829_3_0_1,0x10e829,5,3,0,1,273385,273635,250,6,RECEIVED
7f9918_4_0_0,0x7f9918,6,4,0,0,273665,274105,440,7,RECEIVED
4c49bb_4_0_0,0x4c49bb,7,4,0,0,273945,274405,460,7,RECEIVED
19c055_5_1_1,0x19c055,8,5,1,1,274085,274445,360,8,RECEIVED
64bab0_3_5_0,0x64bab0,9,3,5,0,274335,274555,220,14,RECEIVED
25995_2_5_0,0x25995,10,2,5,0,274485,274675,190,13,RECEIVED
5c9225_0_3_1,0x5c9225,11,0,3,1,274665,274675,10,2,RECEIVED
6638c2_2_0_1,0x6638c2,12,2,0,1,274915,275075,160,5,RECEIVED
595c73_4_5_1,0x595c73,13,4,5,1,275145,275515,370,15,RECEIVED
7b5025_4_5_1,0x7b5025,14,4,5,1,275395,275765,370,15,RECEIVED
49f9f9_3_5_1,0x49f9f9,15,3,5,1,275665,275925,260,14,RECEIVED
53d67d_5_2_1,0x53d67d,0,5,2,1,275905,276275,370,9,RECEIVED
41702a_3_5_0,0x41702a,1,3,5,0,276125,276345,220,14,RECEIVED
23429f_3_0_0,0x23429f,2,3,0,0,276245,276595,350,6,RECEIVED
1d9f37_0_4_1,0x1d9f37,3,0,4,1,276365,276465,100,3,RECEIVED
4d5c5a_1_5_0,0x4d5c5a,4,1,5,0,276535,276635,100,12,RECEIVED
4cdca_4_0_1,0x4cdca,5,4,0,1,276635,277095,460,7,RECEIVED
2ca5f2_2_5_0,0x2ca5f2,6,2,5,0,276785,276975,190,13,RECEIVED
7da7da_2_0_0,0x7da7da,7,2,0,0,277025,277305,280,5,RECEIVED
dbce7_0_4_1,0xdbce7,8,0,4,1,277275,277375,100,3,RECEIVED
5c52da_5_4_1,0x5c52da,9,5,4,1,277475,277845,370,11,RECEIVED
582128_4_5_1,0x582128,10,4,5,1,277705,278075,370,15,RECEIVED
5b3c4e_3_5_1,0x5b3c4e,11,3,5,1,277965,278225,260,14,RECEIVED
7e5dec_1_5_1,0x7e5dec,12,1,5,1,278115,278215,100,12,RECEIVED
2a79ba_0_1_0,0x2a79ba,13,0,1,0,278265,278455,190,0,RECEIVED
37c3b_3_0_0,0x37c3b,14,3,0,0,278455,278825,370,6,RECEIVED
581d57_0_4_1,0x581d57,15,0,4,1,278715,278815,100,3,RECEIVED
3740e6_1_0_1,0x3740e6,0,1,0,1,278955,279145,190,4,RECEIVED
6a0eff_3_5_1,0x6a0eff,1,3,5,1,279115,279395,280,14,RECEIVED
30cc4c_1_0_0,0x30cc4c,2,1,0,0,279335,279525,190,4,RECEIVED
672919_3_0_1,0x672919,3,3,0,1,279445,279755,310,6,RECEIVED
7615b5_4_0_1,0x7615b5,4,4,0,1,279575,280035,460,7,RECEIVED
ec334_0_1_1,0xec334,5,0,1,1,279705,279895,190,0,RECEIVED
22f7e_4_5_1,0x22f7e,6,4,5,1,279885,280255,370,15,RECEIVED
940e4_3_5_1,0x940e4,7,3,5,1,280065,280345,280,14,RECEIVED
1558a8_2_5_1,0x1558a8,8,2,5,1,280225,280395,170,13,RECEIVED
5e7e1_5_2_1,0x5e7e1,9,5,2,1,280365,280735,370,9,RECEIVED
5c11a2_0_1_0,0x5c11a2,10,0,1,0,280465,280655,190,0,RECEIVED
789ecc_2_5_1,0x789ecc,11,2,5,1,280755,280945,190,13,RECEIVED
736cbd_0_3_0,0x736cbd,12,0,3,0,281045,281055,10,2,RECEIVED
51ee67_3_0_1,0x51ee67,13,3,0,1,281205,281575,370,6,RECEIVED
6158c8_3_0_0,0x6158c8,14,3,0,0,281315,281665,350,6,RECEIVED
4f568e_5_1_1,0x4f568e,15,5,1,1,281545,282005,460,8,RECEIVED
5496b2_5_3_0,0x5496b2,0,5,3,0,281785,282065,280,10,RECEIVED
65f5d0_4_5_0,0x65f5d0,1,4,5,0,281905,282095,190,15,RECEIVED
607094_1_5_0,0x607094,2,1,5,0,282115,282125,10,12,RECEIVED
7492c8_3_0_1,0x7492c8,3,3,0,1,282245,282585,340,6,RECEIVED
24c03c_2_0_1,0x24c03c,4,2,0,1,282535,282785,250,5,RECEIVED
2fd85d_2_0_0,0x2fd85d,5,2,0,0,282725,283065,340,5,RECEIVED
15f6e7_2_5_0,0x15f6e7,6,2,5,0,282945,283045,100,13,RECEIVED
27a7e1_2_5_0,0x27a7e1,7,2,5,0,283205,283305,100,13,RECEIVED
dfcd7_5_2_1,0xdfcd7,8,5,2,1,283335,283735,400,9,RECEIVED
2d0edc_4_0_1,0x2d0edc,9,4,0,1,283435,283985,550,7,RECEIVED
1ff0bb_5_4_1,0x1ff0bb,10,5,4,1,283705,283985,280,11,RECEIVED
1898a0_0_4_1,0x1898a0,11,0,4,1,283875,283885,10,3,RECEIVED
88561_4_0_0,0x88561,12,4,0,0,283975,284485,510,7,RECEIVED
34168c_2_5_1,0x34168c,13,2,5,1,284115,284215,100,13,RECEIVED
2a5d9d_1_5_1,0x2a5d9d,14,1,5,1,284405,284415,10,12,RECEIVED
1dfb55_0_4_0,0x1dfb55,15,0,4,0,284575,284585,10,3,RECEIVED
41cbe7_5_4_0,0x41cbe7,0,5,4,0,284835,285115,280,11,RECEIVED
388e16_1_5_0,0x388e16,1,1,5,0,285075,285085,10,12,RECEIVED
845b6_4_5_0,0x845b6,2,4,5,0,285175,285455,280,15,RECEIVED
8119c_5_4_1,0x8119c,3,5,4,1,285335,285615,280,11,RECEIVED
331c67_5_3_1,0x331c67,4,5,3,1,285555,285925,370,10,RECEIVED
adf17_2_5_1,0xadf17,5,2,5,1,285725,285825,100,13,RECEIVED
4aff67_5_2_0,0x4aff67,6,5,2,0,285865,286265,400,9,RECEIVED
6eba0e_0_3_1,0x6eba0e,7,0,3,1,286115,286215,100,2,RECEIVED
29b336_2_0_0,0x29b336,8,2,0,0,286215,286585,370,5,RECEIVED
64ce7d_5_4_0,0x64ce7d,9,5,4,0,286305,286585,280,11,RECEIVED
1d1d3_1_0_1,0x1d1d3,10,1,0,1,286595,286875,280,4,RECEIVED
6fd687_0_2_0,0x6fd687,11,0,2,0,286805,286995,190,1,RECEIVED
e69a2_1_5_1,0xe69a2,12,1,5,1,287035,287045,10,12,RECEIVED
4a600_1_0_1,0x4a600,13,1,0,1,287235,287515,280,4,RECEIVED
2550d0_4_0_0,0x2550d0,14,4,0,0,287375,287925,550,7,RECEIVED
4d26a1_5_1_1,0x4d26a1,15,5,1,1,287475,287965,490,8,RECEIVED
46c964_4_5_1,0x46c964,0,4,5,1,287735,288015,280,15,RECEIVED
7c0770_0_2_0,0x7c0770,1,0,2,0,287915,288105,190,1,RECEIVED
50d106_3_0_0,0x50d106,2,3,0,0,288175,288635,460,6,RECEIVED
76c79a_0_3_1,0x76c79a,3,0,3,1,288405,288505,100,2,RECEIVED
63af41_1_0_1,0x63af41,4,1,0,1,288655,288935,280,4,RECEIVED
4c221d_0_2_0,0x4c221d,5,0,2,0,288795,288985,190,1,RECEIVED
353dd0_3_5_1,0x353dd0,6,3,5,1,289085,289275,190,14,RECEIVED
4eebd8_5_4_1,0x4eebd8,7,5,4,1,289365,289645,280,11,RECEIVED
681c13_5_1_0,0x681c13,8,5,1,0,289545,290075,530,8,RECEIVED
47444d_2_5_0,0x47444d,9,2,5,0,289815,289915,100,13,RECEIVED
110a17_5_3_0,0x110a17,10,5,3,0,290085,290395,310,10,RECEIVED
4bfae1_1_5_0,0x4bfae1,11,1,5,0,290225,290235,10,12,RECEIVED
65d8a0_2_0_1,0x65d8a0,12,2,0,1,290375,290565,190,5,RECEIVED
25fb0e_0_1_0,0x25fb0e,13,0,1,0,290645,290925,280,0,RECEIVED
639a91_3_5_1,0x639a91,14,3,5,1,290875,291065,190,14,RECEIVED
405d70_0_1_1,0x405d70,15,0,1,1,290985,291265,280,0,RECEIVED
6b30cd_5_2_0,0x6b30cd,0,5,2,0,291145,291645,500,9,RECEIVED
50d055_4_0_1,0x50d055,1,4,0,1,291235,291595,360,7,RECEIVED
631e00_5_4_1,0x631e00,2,5,4,1,291335,291615,280,11,RECEIVED
7daadd_0_1_1,0x7daadd,3,0,1,1,291515,291795,280,0,RECEIVED
35470b_5_1_1,0x35470b,4,5,1,1,291765,292255,490,8,RECEIVED
5d2023_5_3_1,0x5d2023,5,5,3,1,291885,292255,370,10,RECEIVED
441668_2_5_0,0x441668,6,2,5,0,292035,292135,100,13,RECEIVED
4b900e_1_0_1,0x4b900e,7,1,0,1,292125,292405,280,4,RECEIVED
eae5b_0_1_0,0xeae5b,8,0,1,0,292405,292685,280,0,RECEIVED
3fa8e9_0_4_1,0x3fa8e9,9,0,4,1,292515,292525,10,3,RECEIVED
b072d_1_5_1,0xb072d,10,1,5,1,292775,292785,10,12,RECEIVED
18f4c8_1_0_0,0x18f4c8,11,1,0,0,293055,293335,280,4,RECEIVED
34efeb_0_3_1,0x34efeb,12,0,3,1,293295,293395,100,2,RECEIVED
677c1c_4_5_1,0x677c1c,13,4,5,1,293435,293715,280,15,RECEIVED
3ed291_4_0_0,0x3ed291,14,4,0,0,293555,294065,510,7,RECEIVED
23d5a1_1_5_0,0x23d5a1,15,1,5,0,293755,293765,10,12,RECEIVED
5b7250_0_3_0,0x5b7250,0,0,3,0,293995,294095,100,2,RECEIVED
26ca1f_1_0_1,0x26ca1f,1,1,0,1,294115,294395,280,4,RECEIVED
748ba6_3_0_1,0x748ba6,2,3,0,1,294215,294495,280,6,RECEIVED
3d948a_4_0_1,0x3d948a,3,4,0,1,294455,294945,490,7,RECEIVED
83cf1_1_0_1,0x83cf1,4,1,0,1,294655,294935,280,4,RECEIVED
4df922_0_3_1,0x4df922,5,0,3,1,294805,294905,100,2,RECEIVED
6ecff1_5_3_0,0x6ecff1,6,5,3,0,295025,0,0,-1,LOST
769f27_5_2_0,0x769f27,7,5,2,0,295115,295445,330,9,RECEIVED
18a902_5_3_0,0x18a902,8,5,3,0,295395,295705,310,10,RECEIVED
36a8ed_5_2_1,0x36a8ed,9,5,2,1,295515,295855,340,9,RECEIVED
3b5da8_1_5_1,0x3b5da8,10,1,5,1,295645,295655,10,12,RECEIVED
f99e8_5_3_1,0xf99e8,11,5,3,1,295735,296105,370,10,RECEIVED
6c89a7_0_2_1,0x6c89a7,12,0,2,1,295955,296145,190,1,RECEIVED
60632e_3_5_0,0x60632e,13,3,5,0,296175,296365,190,14,RECEIVED
6e0e0c_4_0_1,0x6e0e0c,14,4,0,1,296385,0,0,-1,LOST
3c967e_2_0_1,0x3c967e,15,2,0,1,296475,296575,100,5,RECEIVED
750528_0_1_1,0x750528,0,0,1,1,296695,296975,280,0,RECEIVED
47a1ec_0_2_0,0x47a1ec,1,0,2,0,296975,297165,190,1,RECEIVED
47998c_1_5_1,0x47998c,2,1,5,1,297205,297355,150,12,RECEIVED
1ad01d_2_5_1,0x1ad01d,3,2,5,1,297495,297745,250,13,RECEIVED
1ccdb6_1_5_1,0x1ccdb6,4,1,5,1,297715,297995,280,12,RECEIVED
4da771_2_0_0,0x4da771,5,2,0,0,297925,298025,100,5,RECEIVED
3e91d5_0_1_1,0x3e91d5,6,0,1,1,298205,298215,10,0,RECEIVED
14e083_5_4_1,0x14e083,7,5,4,1,298395,298805,410,11,RECEIVED
350a01_4_5_0,0x350a01,8,4,5,0,298605,299035,430,15,RECEIVED
58450c_0_3_0,0x58450c,9,0,3,0,298845,299035,190,2,RECEIVED
16dc5b_1_0_1,0x16dc5b,10,1,0,1,298955,298965,10,4,RECEIVED
4906d_0_2_1,0x4906d,11,0,2,1,299115,299215,100,1,RECEIVED
699205_2_0_1,0x699205,12,2,0,1,299245,299345,100,5,RECEIVED
566d9a_0_3_0,0x566d9a,13,0,3,0,299345,299535,190,2,RECEIVED
4d7edf_0_1_0,0x4d7edf,14,0,1,0,299585,299595,10,0,RECEIVED
f335a_3_0_1,0xf335a,15,3,0,1,299875,300065,190,6,RECEIVED
4a989f_0_4_0,0x4a989f,0,0,4,0,299965,300245,280,3,RECEIVED
343f3a_3_5_0,0x343f3a,1,3,5,0,300055,300525,470,14,RECEIVED
69e556_5_2_0,0x69e556,2,5,2,0,300335,300585,250,9,RECEIVED
4e4de7_1_5_0,0x4e4de7,3,1,5,0,300505,300785,280,12,RECEIVED
2bc6a2_3_0_0,0x2bc6a2,4,3,0,0,300595,300785,190,6,RECEIVED
19568e_2_5_0,0x19568e,5,2,5,0,300825,301195,370,13,RECEIVED
46c88b_3_0_1,0x46c88b,6,3,0,1,300975,301165,190,6,RECEIVED
7ddb7b_1_0_1,0x7ddb7b,7,1,0,1,301265,301275,10,4,RECEIVED
678e00_0_4_1,0x678e00,8,0,4,1,301445,301725,280,3,RECEIVED
13fa83_0_1_0,0x13fa83,9,0,1,0,301725,301735,10,0,RECEIVED
5e6598_0_1_0,0x5e6598,10,0,1,0,301945,301955,10,0,RECEIVED
558378_0_1_0,0x558378,11,0,1,0,302235,302245,10,0,RECEIVED
63294f_0_2_0,0x63294f,12,0,2,0,302365,302465,100,1,RECEIVED
23ac34_3_5_0,0x23ac34,13,3,5,0,302565,303025,460,14,RECEIVED
1753a1_5_4_1,0x1753a1,14,5,4,1,302675,303185,510,11,RECEIVED
664474_2_0_0,0x664474,15,2,0,0,302945,303045,100,5,RECEIVED
51087d_0_3_0,0x51087d,0,0,3,0,303165,303355,190,2,RECEIVED
5c9d60_4_0_0,0x5c9d60,1,4,0,0,303435,303715,280,7,RECEIVED
167c52_5_3_0,0x167c52,2,5,3,0,303705,304045,340,10,RECEIVED
377e24_1_5_0,0x377e24,3,1,5,0,303985,304265,280,12,RECEIVED
4c32e0_0_4_0,0x4c32e0,4,0,4,0,304145,304425,280,3,RECEIVED
614919_5_2_0,0x614919,5,5,2,0,304355,304665,310,9,RECEIVED
415b7a_5_1_1,0x415b7a,6,5,1,1,304595,304875,280,8,RECEIVED
22b6f6_0_3_0,0x22b6f6,7,0,3,0,304765,304955,190,2,RECEIVED
6a2d18_1_0_0,0x6a2d18,8,1,0,0,304985,304995,10,4,RECEIVED
1d2f8d_5_1_0,0x1d2f8d,9,5,1,0,305155,305435,280,8,RECEIVED
2d7b5d_0_1_0,0x2d7b5d,10,0,1,0,305245,305255,10,0,RECEIVED
2e3f76_5_3_1,0x2e3f76,11,5,3,1,305345,305765,420,10,RECEIVED
22f177_1_5_0,0x22f177,12,1,5,0,305585,305865,280,12,RECEIVED
191cc6_5_4_1,0x191cc6,13,5,4,1,305735,306285,550,11,RECEIVED
617603_3_5_0,0x617603,14,3,5,0,305985,306445,460,14,RECEIVED
101e8b_0_2_0,0x101e8b,15,0,2,0,306205,306305,100,1,RECEIVED
126d99_2_5_1,0x126d99,0,2,5,1,306305,306615,310,13,RECEIVED
158c7f_3_5_1,0x158c7f,1,3,5,1,306505,306905,400,14,RECEIVED
496d2c_2_0_1,0x496d2c,2,2,0,1,306645,306745,100,5,RECEIVED
513438_2_0_1,0x513438,3,2,0,1,306835,306935,100,5,RECEIVED
378bd3_5_3_0,0x378bd3,4,5,3,0,307115,307395,280,10,RECEIVED
882f7_2_5_1,0x882f7,5,2,5,1,307325,307675,350,13,RECEIVED
783554_5_1_1,0x783554,6,5,1,1,307605,307885,280,8,RECEIVED
1010ca_3_0_0,0x1010ca,7,3,0,0,307735,307925,190,6,RECEIVED
59601e_0_1_0,0x59601e,8,0,1,0,307935,307945,10,0,RECEIVED
25c82a_0_1_0,0x25c82a,9,0,1,0,308095,308105,10,0,RECEIVED
21f40_5_4_1,0x21f40,10,5,4,1,308305,308835,530,11,RECEIVED
419574_0_1_0,0x419574,11,0,1,0,308585,308595,10,0,RECEIVED
596d8a_4_5_1,0x596d8a,12,4,5,1,308725,309275,550,15,RECEIVED
5a9126_5_4_1,0x5a9126,13,5,4,1,308865,309415,550,11,RECEIVED
3d9479_1_5_1,0x3d9479,14,1,5,1,309105,309385,280,12,RECEIVED
475cae_0_1_1,0x475cae,15,0,1,1,309385,309395,10,0,RECEIVED
2c4adf_5_2_0,0x2c4adf,0,5,2,0,309675,309865,190,9,RECEIVED
2a01c1_1_5_0,0x2a01c1,1,1,5,0,309795,310075,280,12,RECEIVED
2c2a0d_0_4_0,0x2c2a0d,2,0,4,0,310045,310325,280,3,RECEIVED
1352e0_2_5_1,0x1352e0,3,2,5,1,310235,310585,350,13,RECEIVED
4d5f7b_3_0_0,0x4d5f7b,4,3,0,0,310485,310675,190,6,RECEIVED
18cd6_1_5_1,0x18cd6,5,1,5,1,310645,310925,280,12,RECEIVED
3bc9c8_5_1_1,0x3bc9c8,6,5,1,1,310835,311115,280,8,RECEIVED
97d22_5_1_1,0x97d22,7,5,1,1,311105,311385,280,8,RECEIVED
478725_1_0_1,0x478725,8,1,0,1,311405,311455,50,4,RECEIVED
2ea455_3_5_1,0x2ea455,9,3,5,1,311555,311885,330,14,RECEIVED
2d89cf_0_1_1,0x2d89cf,10,0,1,1,311715,311815,100,0,RECEIVED
28baa3_0_3_1,0x28baa3,11,0,3,1,311915,312195,280,2,RECEIVED
6fe4a9_5_1_0,0x6fe4a9,12,5,1,0,312025,312215,190,8,RECEIVED
2e7895_3_0_0,0x2e7895,13,3,0,0,312305,312405,100,6,RECEIVED
2dc8f4_1_5_1,0x2dc8f4,14,1,5,1,312455,312825,370,12,RECEIVED
53399_2_0_0,0x53399,15,2,0,0,312625,312635,10,5,RECEIVED
cf099_2_0_1,0xcf099,0,2,0,1,312875,312885,10,5,RECEIVED
2bb0ef_0_1_1,0x2bb0ef,1,0,1,1,313075,313175,100,0,RECEIVED
24017a_0_1_0,0x24017a,2,0,1,0,313295,313395,100,0,RECEIVED
3e2504_1_5_1,0x3e2504,3,1,5,1,313475,313845,370,12,RECEIVED
5ee25d_5_1_0,0x5ee25d,4,5,1,0,313705,313895,190,8,RECEIVED
765161_5_3_1,0x765161,5,5,3,1,313825,314175,350,10,RECEIVED
11f7c4_4_0_0,0x11f7c4,6,4,0,0,314005,314195,190,7,RECEIVED
24888f_4_5_0,0x24888f,7,4,5,0,314155,314495,340,15,RECEIVED
6a21d4_5_3_1,0x6a21d4,8,5,3,1,314365,314735,370,10,RECEIVED
2f7293_4_5_0,0x2f7293,9,4,5,0,314615,315075,460,15,RECEIVED
416dec_5_4_0,0x416dec,10,5,4,0,314745,315205,460,11,RECEIVED
622545_3_5_0,0x622545,11,3,5,0,315035,315405,370,14,RECEIVED
4075e4_5_3_0,0x4075e4,12,5,3,0,315125,315385,260,10,RECEIVED
76285e_5_2_1,0x76285e,13,5,2,1,315365,315645,280,9,RECEIVED
53ded6_3_5_1,0x53ded6,14,3,5,1,315635,315965,330,14,RECEIVED
566716_0_1_0,0x566716,15,0,1,0,315885,315985,100,0,RECEIVED
4f66f7_3_5_1,0x4f66f7,0,3,5,1,316005,316375,370,14,RECEIVED
5b9276_0_4_0,0x5b9276,1,0,4,0,316095,316445,350,3,RECEIVED
4ff000_4_0_1,0x4ff000,2,4,0,1,316305,316495,190,7,RECEIVED
780d48_3_5_1,0x780d48,3,3,5,1,316475,316845,370,14,RECEIVED
b9e3b_2_0_0,0xb9e3b,4,2,0,0,316645,316655,10,5,RECEIVED
735456_0_2_0,0x735456,5,0,2,0,316905,317075,170,1,RECEIVED
5ae696_4_0_0,0x5ae696,6,4,0,0,317125,317315,190,7,RECEIVED
22f13d_0_1_1,0x22f13d,7,0,1,1,317225,317325,100,0,RECEIVED
4fcf53_1_0_1,0x4fcf53,8,1,0,1,317445,317545,100,4,RECEIVED
53605f_5_4_1,0x53605f,9,5,4,1,317605,318025,420,11,RECEIVED
435125_3_0_0,0x435125,10,3,0,0,317835,317935,100,6,RECEIVED
442884_5_2_0,0x442884,11,5,2,0,317985,318145,160,9,RECEIVED
3a9ff8_3_5_1,0x3a9ff8,12,3,5,1,318215,318565,350,14,RECEIVED
5647c1_4_5_0,0x5647c1,13,4,5,0,318425,318765,340,15,RECEIVED
16690_5_1_0,0x16690,14,5,1,0,318535,318725,190,8,RECEIVED
4ed601_2_5_0,0x4ed601,15,2,5,0,318705,318985,280,13,RECEIVED
389a2_0_2_1,0x389a2,0,0,2,1,318975,319105,130,1,RECEIVED
510692_1_5_1,0x510692,1,1,5,1,319075,319385,310,12,RECEIVED
4aee30_4_0_1,0x4aee30,2,4,0,1,319345,319535,190,7,RECEIVED
4306c_5_3_1,0x4306c,3,5,3,1,319495,319845,350,10,RECEIVED
5f65f7_5_4_0,0x5f65f7,4,5,4,0,319615,320075,460,11,RECEIVED
22df80_5_1_0,0x22df80,5,5,1,0,319885,320075,190,8,RECEIVED
40f7b6_3_5_0,0x40f7b6,6,3,5,0,320095,320465,370,14,RECEIVED
6dddae_0_1_1,0x6dddae,7,0,1,1,320195,320295,100,0,RECEIVED
46c490_4_5_0,0x46c490,8,4,5,0,320375,320835,460,15,RECEIVED
392009_0_1_1,0x392009,9,0,1,1,320605,320705,100,0,RECEIVED
5498be_1_0_1,0x5498be,10,1,0,1,320725,320825,100,4,RECEIVED
303de4_0_2_1,0x303de4,11,0,2,1,320875,321065,190,1,RECEIVED
697b5a_5_1_1,0x697b5a,12,5,1,1,320975,321165,190,8,RECEIVED
4b7591_1_5_1,0x4b7591,13,1,5,1,321205,321575,370,12,RECEIVED
69003e_4_5_1,0x69003e,14,4,5,1,321455,321895,440,15,RECEIVED
615436_1_0_0,0x615436,15,1,0,0,321615,321715,100,4,RECEIVED
5ba044_4_5_1,0x5ba044,0,4,5,1,321745,322205,460,15,RECEIVED
1507a2_5_3_1,0x1507a2,1,5,3,1,321855,322225,370,10,RECEIVED
221f8_3_5_0,0x221f8,2,3,5,0,321955,322325,370,14,RECEIVED
311389_3_0_0,0x311389,3,3,0,0,322165,322265,100,6,RECEIVED
3ea9cc_2_0_1,0x3ea9cc,4,2,0,1,322315,322325,10,5,RECEIVED
7d47d4_5_3_0,0x7d47d4,5,5,3,0,322535,322785,250,10,RECEIVED
650dfb_0_4_1,0x650dfb,6,0,4,1,322695,323065,370,3,RECEIVED
248f16_2_5_1,0x248f16,7,2,5,1,322985,323265,280,13,RECEIVED
9dbea_5_2_0,0x9dbea,8,5,2,0,323115,323275,160,9,RECEIVED
32cc4c_1_5_0,0x32cc4c,9,1,5,0,323375,323725,350,12,RECEIVED
5fa4e_5_1_0,0x5fa4e,10,5,1,0,323465,323655,190,8,RECEIVED
3e7417_5_3_0,0x3e7417,11,5,3,0,323695,324065,370,10,RECEIVED
50000d_5_1_0,0x50000d,12,5,1,0,323825,324015,190,8,RECEIVED
af53e_5_4_0,0xaf53e,13,5,4,0,323915,324315,400,11,RECEIVED
6e0732_1_0_0,0x6e0732,14,1,0,0,324085,324225,140,4,RECEIVED
154f40_5_2_0,0x154f40,15,5,2,0,324345,324515,170,9,RECEIVED
3d45ef_4_0_0,0x3d45ef,0,4,0,0,324445,324545,100,7,RECEIVED
271668_5_3_1,0x271668,1,5,3,1,324555,324795,240,10,RECEIVED
797755_0_4_1,0x797755,2,0,4,1,324825,325225,400,3,RECEIVED
6dfbd8_4_0_0,0x6dfbd8,3,4,0,0,324975,325075,100,7,RECEIVED
59a86f_2_0_0,0x59a86f,4,2,0,0,325135,325235,100,5,RECEIVED
5877fb_5_4_1,0x5877fb,5,5,4,1,325275,325625,350,11,RECEIVED
7444b7_4_0_1,0x7444b7,6,4,0,1,325415,325515,100,7,RECEIVED
528ae4_3_0_1,0x528ae4,7,3,0,1,325565,325575,10,6,RECEIVED
585f2_3_5_0,0x585f2,8,3,5,0,325835,326075,240,14,RECEIVED
735e44_1_5_1,0x735e44,9,1,5,1,325965,326425,460,12,RECEIVED
14e8e0_1_0_1,0x14e8e0,10,1,0,1,326055,326255,200,4,RECEIVED
40e53_0_4_1,0x40e53,11,0,4,1,326205,326665,460,3,RECEIVED
3b4e4f_5_3_0,0x3b4e4f,12,5,3,0,326465,326685,220,10,RECEIVED
80668_1_0_0,0x80668,13,1,0,0,326725,326915,190,4,RECEIVED
b405f_3_0_1,0xb405f,14,3,0,1,327015,327025,10,6,RECEIVED
3ec36a_0_4_1,0x3ec36a,15,0,4,1,327105,327645,540,3,RECEIVED
250f45_0_2_0,0x250f45,0,0,2,0,327195,327425,230,1,RECEIVED
2b615f_5_1_0,0x2b615f,1,5,1,0,327435,327535,100,8,RECEIVED
21051b_2_5_0,0x21051b,2,2,5,0,327595,327945,350,13,RECEIVED
418d7a_5_3_1,0x418d7a,3,5,3,1,327685,327945,260,10,RECEIVED
14c841_2_5_0,0x14c841,4,2,5,0,327945,328315,370,13,RECEIVED
60ec47_3_5_1,0x60ec47,5,3,5,1,328125,328405,280,14,RECEIVED
4c7143_0_2_1,0x4c7143,6,0,2,1,328295,328575,280,1,RECEIVED
1823cc_1_0_1,0x1823cc,7,1,0,1,328495,328685,190,4,RECEIVED
28879a_3_5_0,0x28879a,8,3,5,0,328595,328875,280,14,RECEIVED
1a976e_1_5_0,0x1a976e,9,1,5,0,328805,329245,440,12,RECEIVED
2f0da4_4_0_1,0x2f0da4,10,4,0,1,329085,329185,100,7,RECEIVED
2b60e3_0_4_0,0x2b60e3,11,0,4,0,329375,329835,460,3,RECEIVED
266273_3_0_0,0x266273,12,3,0,0,329465,329475,10,6,RECEIVED
3bf72f_4_0_0,0x3bf72f,13,4,0,0,329615,329715,100,7,RECEIVED
317858_5_4_0,0x317858,14,5,4,0,329865,330175,310,11,RECEIVED
13a820_0_2_1,0x13a820,15,0,2,1,330115,330395,280,1,RECEIVED
69d973_5_4_1,0x69d973,0,5,4,1,330355,330705,350,11,RECEIVED
76104a_0_1_1,0x76104a,1,0,1,1,330545,330735,190,0,RECEIVED
740cb8_2_5_1,0x740cb8,2,2,5,1,330665,330915,250,13,RECEIVED
1dda24_3_0_1,0x1dda24,3,3,0,1,330785,330795,10,6,RECEIVED
2731b2_0_1_1,0x2731b2,4,0,1,1,330895,331085,190,0,RECEIVED
1185fe_3_5_1,0x1185fe,5,3,5,1,331015,331295,280,14,RECEIVED
57b753_5_1_0,0x57b753,6,5,1,0,331145,331245,100,8,RECEIVED
38d6e0_5_1_0,0x38d6e0,7,5,1,0,331335,331435,100,8,RECEIVED
70148b_4_5_0,0x70148b,8,4,5,0,331545,331855,310,15,RECEIVED
759ff0_1_0_1,0x759ff0,9,1,0,1,331675,331865,190,4,RECEIVED
7651b2_3_0_0,0x7651b2,10,3,0,0,331845,331855,10,6,RECEIVED
1d794e_0_4_0,0x1d794e,11,0,4,0,331935,332375,440,3,RECEIVED
4a117d_5_1_0,0x4a117d,12,5,1,0,332115,332215,100,8,RECEIVED
2b33b_3_0_1,0x2b33b,13,3,0,1,332335,332345,10,6,RECEIVED
d6532_1_5_1,0xd6532,14,1,5,1,332545,332945,400,12,RECEIVED
187be1_3_0_1,0x187be1,15,3,0,1,332815,332825,10,6,RECEIVED
69f233_3_0_0,0x69f233,0,3,0,0,333015,333025,10,6,RECEIVED
62e6f9_0_3_0,0x62e6f9,1,0,3,0,333275,333605,330,2,RECEIVED
74a9ca_4_0_0,0x74a9ca,2,4,0,0,333525,333625,100,7,RECEIVED
6d3764_0_4_0,0x6d3764,3,0,4,0,333755,334195,440,3,RECEIVED
1eee79_3_5_0,0x1eee79,4,3,5,0,333995,334275,280,14,RECEIVED
1e0d46_0_2_1,0x1e0d46,5,0,2,1,334085,334365,280,1,RECEIVED
1095be_5_2_1,0x1095be,6,5,2,1,334375,334565,190,9,RECEIVED
7a3ae_4_0_1,0x7a3ae,7,4,0,1,334635,334735,100,7,RECEIVED
612051_2_0_0,0x612051,8,2,0,0,334835,334935,100,5,RECEIVED
49c5f4_0_4_1,0x49c5f4,9,0,4,1,335035,335375,340,3,RECEIVED
24c23_0_4_1,0x24c23,10,0,4,1,335265,335725,460,3,RECEIVED
7ea45d_1_0_1,0x7ea45d,11,1,0,1,335385,335575,190,4,RECEIVED
485af7_4_5_1,0x485af7,12,4,5,1,335645,335995,350,15,RECEIVED
2d32d0_0_1_1,0x2d32d0,13,0,1,1,335885,336075,190,0,RECEIVED
6a180c_5_1_0,0x6a180c,14,5,1,0,336015,336115,100,8,RECEIVED
698a3e_5_3_1,0x698a3e,15,5,3,1,336175,336455,280,10,RECEIVED
bf5de_0_3_1,0xbf5de,0,0,3,1,336425,336795,370,2,RECEIVED
14e48b_1_5_1,0x14e48b,1,1,5,1,336675,337135,460,12,RECEIVED
5bc871_5_2_0,0x5bc871,2,5,2,0,336875,337005,130,9,RECEIVED
3654dd_5_2_0,0x3654dd,3,5,2,0,337035,337225,190,9,RECEIVED
31504a_2_0_1,0x31504a,4,2,0,1,337285,337425,140,5,RECEIVED
59774c_0_3_1,0x59774c,5,0,3,1,337425,337885,460,2,RECEIVED
791cab_5_4_1,0x791cab,6,5,4,1,337635,337895,260,11,RECEIVED
4aded2_1_0_1,0x4aded2,7,1,0,1,337725,338005,280,4,RECEIVED
40dda5_0_1_1,0x40dda5,8,0,1,1,337835,338115,280,0,RECEIVED
ad5f8_5_4_1,0xad5f8,9,5,4,1,337995,338275,280,11,RECEIVED
1074ba_1_5_0,0x1074ba,10,1,5,0,338275,338785,510,12,RECEIVED
436e16_3_0_0,0x436e16,11,3,0,0,338495,338595,100,6,RECEIVED
257750_4_0_1,0x257750,12,4,0,1,338735,338745,10,7,RECEIVED
75852c_0_3_0,0x75852c,13,0,3,0,338925,339345,420,2,RECEIVED
5adcc3_2_0_0,0x5adcc3,14,2,0,0,339115,339305,190,5,RECEIVED
2c2130_2_0_1,0x2c2130,15,2,0,1,339315,339505,190,5,RECEIVED
d7380_1_5_0,0xd7380,0,1,5,0,339425,339975,550,12,RECEIVED
71a006_1_0_1,0x71a006,1,1,0,1,339645,339925,280,4,RECEIVED
50ad65_4_0_1,0x50ad65,2,4,0,1,339815,339825,10,7,RECEIVED
157c00_0_1_1,0x157c00,3,0,1,1,339985,340265,280,0,RECEIVED
1a2169_5_2_1,0x1a2169,4,5,2,1,340085,340185,100,9,RECEIVED
50ef5a_2_0_0,0x50ef5a,5,2,0,0,340285,340475,190,5,RECEIVED
1546d8_5_2_1,0x1546d8,6,5,2,1,340495,340595,100,9,RECEIVED
12fcb2_5_3_1,0x12fcb2,7,5,3,1,340715,340905,190,10,RECEIVED
3344d2_0_3_1,0x3344d2,8,0,3,1,340975,341375,400,2,RECEIVED
7bf70e_0_4_1,0x7bf70e,9,0,4,1,341135,341625,490,3,RECEIVED
231675_0_1_0,0x231675,10,0,1,0,341305,341585,280,0,RECEIVED
40931c_0_1_1,0x40931c,11,0,1,1,341395,341685,290,0,RECEIVED
4716c1_5_4_0,0x4716c1,12,5,4,0,341525,341805,280,11,RECEIVED
45bec5_5_2_1,0x45bec5,13,5,2,1,341665,341765,100,9,RECEIVED
44ad05_2_0_1,0x44ad05,14,2,0,1,341945,342135,190,5,RECEIVED
296062_5_4_0,0x296062,15,5,4,0,342105,342385,280,11,RECEIVED
112de7_5_4_1,0x112de7,0,5,4,1,342245,342525,280,11,RECEIVED
79e2bf_0_1_1,0x79e2bf,1,0,1,1,342385,342665,280,0,RECEIVED
27061d_5_4_1,0x27061d,2,5,4,1,342525,342805,280,11,RECEIVED
43da72_4_0_0,0x43da72,3,4,0,0,342725,342735,10,7,RECEIVED
3eb2d3_0_3_0,0x3eb2d3,4,0,3,0,342845,343285,440,2,RECEIVED
43b76f_0_4_1,0x43b76f,5,0,4,1,342965,343455,490,3,RECEIVED
69c6e6_1_5_0,0x69c6e6,6,1,5,0,343125,343655,530,12,RECEIVED
384cd9_2_0_1,0x384cd9,7,2,0,1,343305,343495,190,5,RECEIVED
31e6fa_5_2_0,0x31e6fa,8,5,2,0,343475,343575,100,9,RECEIVED
3a68e0_0_3_1,0x3a68e0,9,0,3,1,343575,344035,460,2,RECEIVED
6ce977_2_0_1,0x6ce977,10,2,0,1,343855,344045,190,5,RECEIVED
2e2f19_1_0_0,0x2e2f19,11,1,0,0,343965,344245,280,4,RECEIVED
78808d_1_5_0,0x78808d,12,1,5,0,344255,344805,550,12,RECEIVED
3c18dc_3_5_0,0x3c18dc,13,3,5,0,344505,344875,370,14,RECEIVED
78a22a_0_4_0,0x78a22a,14,0,4,0,344655,345205,550,3,RECEIVED
339731_5_2_1,0x339731,15,5,2,1,344765,344865,100,9,RECEIVED
7963db_3_0_0,0x7963db,0,3,0,0,345005,345105,100,6,RECEIVED
7ca2b7_5_2_0,0x7ca2b7,1,5,2,0,345285,345385,100,9,RECEIVED
3bf86a_5_2_0,0x3bf86a,2,5,2,0,345525,345625,100,9,RECEIVED
297b59_5_3_1,0x297b59,3,5,3,1,345625,345815,190,10,RECEIVED
6f1b_2_5_1,0x6f1b,4,2,5,1,345795,346135,340,13,RECEIVED
3c6025_2_0_0,0x3c6025,5,2,0,0,345935,346125,190,5,RECEIVED
10db3a_0_1_0,0x10db3a,6,0,1,0,346155,346435,280,0,RECEIVED
154734_4_5_0,0x154734,7,4,5,0,346255,346535,280,15,RECEIVED
141384_5_3_0,0x141384,8,5,3,0,346465,346655,190,10,RECEIVED
4fc775_5_3_1,0x4fc775,9,5,3,1,346585,346775,190,10,RECEIVED
3027f8_5_1_0,0x3027f8,10,5,1,0,346835,346845,10,8,RECEIVED
45d0e6_3_0_0,0x45d0e6,11,3,0,0,347055,347155,100,6,RECEIVED
542087_3_5_0,0x542087,12,3,5,0,347155,347525,370,14,RECEIVED
699da3_3_5_0,0x699da3,13,3,5,0,347395,347765,370,14,RECEIVED
76ec15_5_3_0,0x76ec15,14,5,3,0,347635,347825,190,10,RECEIVED
1d5ae7_3_5_1,0x1d5ae7,15,3,5,1,347875,348125,250,14,RECEIVED
32ed66_4_5_0,0x32ed66,0,4,5,0,348025,348305,280,15,RECEIVED
4d12d7_0_1_0,0x4d12d7,1,0,1,0,348265,348545,280,0,RECEIVED
131ef5_4_5_0,0x131ef5,2,4,5,0,348495,348775,280,15,RECEIVED
36f6d6_5_1_1,0x36f6d6,3,5,1,1,348775,348785,10,8,RECEIVED
61dce5_3_5_1,0x61dce5,4,3,5,1,349045,349415,370,14,RECEIVED
5a0431_4_5_0,0x5a0431,5,4,5,0,349185,349465,280,15,RECEIVED
495d5e_2_5_0,0x495d5e,6,2,5,0,349345,349765,420,13,RECEIVED
2d0b6e_0_4_1,0x2d0b6e,7,0,4,1,349445,349935,490,3,RECEIVED
1cd1ce_5_3_0,0x1cd1ce,8,5,3,0,349605,349795,190,10,RECEIVED
7a4a68_0_4_1,0x7a4a68,9,0,4,1,349825,350375,550,3,RECEIVED
153d7f_1_5_0,0x153d7f,10,1,5,0,349955,350485,530,12,RECEIVED
48159_4_0_1,0x48159,11,4,0,1,350115,350125,10,7,RECEIVED
43e865_5_1_1,0x43e865,12,5,1,1,350385,350395,10,8,RECEIVED
5a497b_5_4_1,0x5a497b,13,5,4,1,350675,350955,280,11,RECEIVED
17b698_1_0_0,0x17b698,14,1,0,0,350935,351215,280,4,RECEIVED
2068d3_1_5_1,0x2068d3,15,1,5,1,351165,351655,490,12,RECEIVED
5c9a5b_5_3_1,0x5c9a5b,0,5,3,1,351325,351515,190,10,RECEIVED
17d1_3_0_0,0x17d1,1,3,0,0,351445,351545,100,6,RECEIVED
9c94d_0_3_1,0x9c94d,2,0,3,1,351645,352105,460,2,RECEIVED
181f4_5_2_0,0x181f4,3,5,2,0,351745,351845,100,9,RECEIVED
a4a3c_0_4_1,0xa4a3c,4,0,4,1,351815,352365,550,3,RECEIVED
5b0335_1_5_0,0x5b0335,5,1,5,0,351995,352525,530,12,RECEIVED
6fcaa5_0_3_0,0x6fcaa5,6,0,3,0,352105,352505,400,2,RECEIVED
7ea488_5_3_0,0x7ea488,7,5,3,0,352255,352445,190,10,RECEIVED
1d03eb_5_2_0,0x1d03eb,8,5,2,0,352355,352455,100,9,RECEIVED
698959_4_0_1,0x698959,9,4,0,1,352555,352565,10,7,RECEIVED
3070dd_0_4_0,0x3070dd,10,0,4,0,352815,353365,550,3,RECEIVED
72ef32_5_1_0,0x72ef32,11,5,1,0,352965,352975,10,8,RECEIVED
112f4f_2_5_0,0x112f4f,12,2,5,0,353055,353515,460,13,RECEIVED
4ec9e5_3_5_1,0x4ec9e5,13,3,5,1,353265,353515,250,14,RECEIVED
16c9e4_1_0_1,0x16c9e4,14,1,0,1,353515,353795,280,4,RECEIVED
339115_5_2_1,0x339115,15,5,2,1,353745,353845,100,9,RECEIVED
a4703_3_0_0,0xa4703,0,3,0,0,354005,354105,100,6,RECEIVED
3483b2_4_0_0,0x3483b2,1,4,0,0,354165,354175,10,7,RECEIVED
7b8459_5_4_0,0x7b8459,2,5,4,0,354355,354635,280,11,RECEIVED
551d6d_0_1_1,0x551d6d,3,0,1,1,354585,354865,280,0,RECEIVED
723f67_4_0_0,0x723f67,4,4,0,0,354835,354845,10,7,RECEIVED
45614d_0_3_0,0x45614d,5,0,3,0,355055,355495,440,2,RECEIVED
2970e_3_0_1,0x2970e,6,3,0,1,355335,355435,100,6,RECEIVED
41868_3_0_0,0x41868,7,3,0,0,355575,355675,100,6,RECEIVED
42662e_5_4_0,0x42662e,8,5,4,0,355855,356135,280,11,RECEIVED
4e6044_5_2_0,0x4e6044,9,5,2,0,355995,356095,100,9,RECEIVED
6eadb5_4_0_1,0x6eadb5,10,4,0,1,356265,356275,10,7,RECEIVED
573b6a_0_4_1,0x573b6a,11,0,4,1,356445,356875,430,3,RECEIVED
74a2d6_4_0_1,0x74a2d6,12,4,0,1,356585,356595,10,7,RECEIVED
6853db_5_1_0,0x6853db,13,5,1,0,356675,356685,10,8,RECEIVED
21da4_3_0_1,0x21da4,14,3,0,1,356935,357035,100,6,RECEIVED
723a2a_2_5_0,0x723a2a,15,2,5,0,357055,357495,440,13,RECEIVED
43d6b3_5_3_1,0x43d6b3,0,5,3,1,357205,357395,190,10,RECEIVED
420afb_5_1_0,0x420afb,1,5,1,0,357405,357415,10,8,RECEIVED
6265b1_5_4_0,0x6265b1,2,5,4,0,357555,357835,280,11,RECEIVED
e2bd8_2_5_1,0xe2bd8,3,2,5,1,357845,358185,340,13,RECEIVED
6aa230_5_1_0,0x6aa230,4,5,1,0,358075,358085,10,8,RECEIVED
3df82e_5_1_0,0x3df82e,5,5,1,0,358345,358355,10,8,RECEIVED
4cafd8_2_0_1,0x4cafd8,6,2,0,1,358525,358715,190,5,RECEIVED
36f7b0_5_1_1,0x36f7b0,7,5,1,1,358745,358755,10,8,RECEIVED
408910_1_0_0,0x408910,8,1,0,0,358865,359145,280,4,RECEIVED
62c413_5_4_1,0x62c413,9,5,4,1,359115,359395,280,11,RECEIVED
697059_1_5_0,0x697059,10,1,5,0,359225,359735,510,12,RECEIVED
1ed1d8_5_3_1,0x1ed1d8,11,5,3,1,359505,359695,190,10,RECEIVED
28dbfd_3_5_1,0x28dbfd,12,3,5,1,359645,359895,250,14,RECEIVED
11c7e0_5_4_0,0x11c7e0,13,5,4,0,359805,360085,280,11,RECEIVED
d9086_4_0_1,0xd9086,14,4,0,1,360095,360105,10,7,RECEIVED
174e5f_5_2_1,0x174e5f,15,5,2,1,360275,360375,100,9,RECEIVED
3b1f44_3_5_0,0x3b1f44,0,3,5,0,360505,360855,350,14,RECEIVED
2041f3_0_1_1,0x2041f3,1,0,1,1,360675,360955,280,0,RECEIVED
6a9aef_0_3_1,0x6a9aef,2,0,3,1,360955,361415,460,2,RECEIVED
25576a_0_4_0,0x25576a,3,0,4,0,361065,361615,550,3,RECEIVED
59b86d_2_0_0,0x59b86d,4,2,0,0,361355,361545,190,5,RECEIVED
36c7d5_4_0_1,0x36c7d5,5,4,0,1,361495,361505,10,7,RECEIVED
535603_4_0_1,0x535603,6,4,0,1,361615,361625,10,7,RECEIVED
46c138_5_2_0,0x46c138,7,5,2,0,361835,361935,100,9,RECEIVED
7a01ce_4_5_1,0x7a01ce,8,4,5,1,362085,362365,280,15,RECEIVED
3b0b52_4_0_0,0x3b0b52,9,4,0,0,362355,362365,10,7,RECEIVED
5a39d_0_4_1,0x5a39d,10,0,4,1,362535,363025,490,3,RECEIVED
78e681_5_2_0,0x78e681,11,5,2,0,362635,362735,100,9,RECEIVED
bd158_1_0_0,0xbd158,12,1,0,0,362845,363125,280,4,RECEIVED
632307_5_4_1,0x632307,13,5,4,1,363065,363345,280,11,RECEIVED
3cc04d_1_5_1,0x3cc04d,14,1,5,1,363295,363845,550,12,RECEIVED
9bd30_2_0_0,0x9bd30,15,2,0,0,363415,363605,190,5,RECEIVED
578913_3_5_0,0x578913,0,3,5,0,363675,364045,370,14,RECEIVED
676307_1_0_1,0x676307,1,1,0,1,363865,364145,280,4,RECEIVED
10d06f_1_0_1,0x10d06f,2,1,0,1,364005,364285,280,4,RECEIVED
180b93_0_1_1,0x180b93,3,0,1,1,364285,364565,280,0,RECEIVED
4ced4_5_2_1,0x4ced4,4,5,2,1,364445,364545,100,9,RECEIVED
79e34f_1_0_1,0x79e34f,5,1,0,1,364645,364925,280,4,RECEIVED
65e2fb_1_5_0,0x65e2fb,6,1,5,0,364895,365425,530,12,RECEIVED
7ac14b_0_4_0,0x7ac14b,7,0,4,0,365015,365565,550,3,RECEIVED
351f3b_3_5_0,0x351f3b,8,3,5,0,365255,365625,370,14,RECEIVED
3e8086_2_5_0,0x3e8086,9,2,5,0,365515,365975,460,13,RECEIVED
739884_0_3_1,0x739884,10,0,3,1,365695,366155,460,2,RECEIVED
7c1ead_3_0_0,0x7c1ead,11,3,0,0,365935,366035,100,6,RECEIVED
52c057_5_2_1,0x52c057,12,5,2,1,366045,0,0,-1,LOST
64c29f_2_5_0,0x64c29f,13,2,5,0,366135,366505,370,13,RECEIVED
2281a5_1_0_0,0x2281a5,14,1,0,0,366395,366675,280,4,RECEIVED
7515ab_0_1_0,0x7515ab,15,0,1,0,366625,366905,280,0,RECEIVED
5f4f75_4_5_1,0x5f4f75,0,4,5,1,366805,367085,280,15,RECEIVED
2c8c99_5_4_1,0x2c8c99,1,5,4,1,367065,367345,280,11,RECEIVED
422a5a_5_3_1,0x422a5a,2,5,3,1,367265,367455,190,10,RECEIVED
205b18_2_5_0,0x205b18,3,2,5,0,367365,367825,460,13,RECEIVED
456dc0_2_0_1,0x456dc0,4,2,0,1,367495,367685,190,5,RECEIVED
388f19_1_0_1,0x388f19,5,1,0,1,367585,367875,290,4,RECEIVED
6cbc1a_0_2_0,0x6cbc1a,6,0,2,0,367775,368085,310,1,RECEIVED
5ea0a2_2_5_1,0x5ea0a2,7,2,5,1,368065,368405,340,13,RECEIVED
34da5d_1_5_0,0x34da5d,8,1,5,0,368205,368735,530,12,RECEIVED
79d598_5_3_0,0x79d598,9,5,3,0,368325,368515,190,10,RECEIVED
4f4535_5_2_0,0x4f4535,10,5,2,0,368595,368695,100,9,RECEIVED
147623_0_2_1,0x147623,11,0,2,1,368755,369065,310,1,RECEIVED
6714ae_2_5_0,0x6714ae,12,2,5,0,368935,369395,460,13,RECEIVED
37f5a4_0_1_1,0x37f5a4,13,0,1,1,369125,369405,280,0,RECEIVED
78128c_5_1_1,0x78128c,14,5,1,1,369225,369235,10,8,RECEIVED
394347_0_1_0,0x394347,15,0,1,0,369475,369755,280,0,RECEIVED
5a14be_5_3_0,0x5a14be,0,5,3,0,369605,369795,190,10,RECEIVED
e4c70_4_5_0,0xe4c70,1,4,5,0,369765,370045,280,15,RECEIVED
4ac335_5_4_1,0x4ac335,2,5,4,1,369915,370195,280,11,RECEIVED
3c0aed_5_2_0,0x3c0aed,3,5,2,0,370115,370215,100,9,RECEIVED
64e460_4_5_1,0x64e460,4,4,5,1,370395,370675,280,15,RECEIVED
32da50_5_2_0,0x32da50,5,5,2,0,370585,370685,100,9,RECEIVED
159377_5_1_0,0x159377,6,5,1,0,370705,370715,10,8,RECEIVED
677683_5_3_0,0x677683,7,5,3,0,370885,371075,190,10,RECEIVED
3f80b8_3_0_0,0x3f80b8,8,3,0,0,371145,371285,140,6,RECEIVED
6e3679_0_3_0,0x6e3679,9,0,3,0,371405,371715,310,2,RECEIVED
6d290d_0_3_0,0x6d290d,10,0,3,0,371685,372055,370,2,RECEIVED
2be43e_0_1_0,0x2be43e,11,0,1,0,371895,372265,370,0,RECEIVED
ab05_3_0_1,0xab05,12,3,0,1,372015,372185,170,6,RECEIVED
65891b_5_2_1,0x65891b,13,5,2,1,372225,372235,10,9,RECEIVED
253153_2_5_1,0x253153,14,2,5,1,372395,372625,230,13,RECEIVED
264a0c_5_2_1,0x264a0c,15,5,2,1,372665,372675,10,9,RECEIVED
55de09_5_2_1,0x55de09,0,5,2,1,372915,372925,10,9,RECEIVED
8cb89_5_2_1,0x8cb89,1,5,2,1,373095,373105,10,9,RECEIVED
462f69_5_1_0,0x462f69,2,5,1,0,373265,373365,100,8,RECEIVED
5bffc9_0_1_1,0x5bffc9,3,0,1,1,373395,373725,330,0,RECEIVED
c573a_5_1_1,0xc573a,4,5,1,1,373555,373655,100,8,RECEIVED
160ac9_0_3_0,0x160ac9,5,0,3,0,373775,374125,350,2,RECEIVED
29a49f_2_0_0,0x29a49f,6,2,0,0,373915,374135,220,5,RECEIVED
238284_1_0_1,0x238284,7,1,0,1,374095,374465,370,4,RECEIVED
37af03_0_1_0,0x37af03,8,0,1,0,374235,374545,310,0,RECEIVED
1ccad2_1_0_0,0x1ccad2,9,1,0,0,374415,374785,370,4,RECEIVED
16befa_3_0_0,0x16befa,10,3,0,0,374585,374775,190,6,RECEIVED
4c9b7e_0_3_0,0x4c9b7e,11,0,3,0,374755,375125,370,2,RECEIVED
2f03a6_0_3_1,0x2f03a6,12,0,3,1,375005,375315,310,2,RECEIVED
afa68_1_5_1,0xafa68,13,1,5,1,375155,375555,400,12,RECEIVED
7af8bc_4_0_1,0x7af8bc,14,4,0,1,375355,375455,100,7,RECEIVED
35e42f_1_5_1,0x35e42f,15,1,5,1,375465,375925,460,12,RECEIVED
4eb314_2_0_1,0x4eb314,0,2,0,1,375645,375905,260,5,RECEIVED
1fe2f0_1_0_1,0x1fe2f0,1,1,0,1,375885,376235,350,4,RECEIVED
1749c4_3_5_0,0x1749c4,2,3,5,0,376005,376285,280,14,RECEIVED
5ddc63_4_5_1,0x5ddc63,3,4,5,1,376185,376375,190,15,RECEIVED
1cbe48_4_5_0,0x1cbe48,4,4,5,0,376395,376585,190,15,RECEIVED
7b2a30_3_0_1,0x7b2a30,5,3,0,1,376535,376705,170,6,RECEIVED
4c01a8_3_5_1,0x4c01a8,6,3,5,1,376735,376895,160,14,RECEIVED
cca33_4_5_1,0xcca33,7,4,5,1,376915,377105,190,15,RECEIVED
2ee5bf_5_3_0,0x2ee5bf,8,5,3,0,377185,377285,100,10,RECEIVED
8db55_4_5_1,0x8db55,9,4,5,1,377455,377645,190,15,RECEIVED
76fcf3_5_2_0,0x76fcf3,10,5,2,0,377745,377755,10,9,RECEIVED
31632a_0_3_1,0x31632a,11,0,3,1,377945,378315,370,2,RECEIVED
405d0c_3_5_0,0x405d0c,12,3,5,0,378185,378445,260,14,RECEIVED
520cb6_3_0_0,0x520cb6,13,3,0,0,378365,378495,130,6,RECEIVED
50395f_5_1_1,0x50395f,14,5,1,1,378635,378735,100,8,RECEIVED
52a6b9_0_1_1,0x52a6b9,15,0,1,1,378845,379215,370,0,RECEIVED
5b95bb_5_1_0,0x5b95bb,0,5,1,0,379035,379135,100,8,RECEIVED
41d1e8_5_4_0,0x41d1e8,1,5,4,0,379155,379345,190,11,RECEIVED
58deea_5_2_0,0x58deea,2,5,2,0,379285,379295,10,9,RECEIVED
f81ba_3_0_1,0xf81ba,3,3,0,1,379445,379615,170,6,RECEIVED
60a800_0_2_1,0x60a800,4,0,2,1,379645,379925,280,1,RECEIVED
47fe3d_1_0_0,0x47fe3d,5,1,0,0,379815,380005,190,4,RECEIVED
156d90_5_2_0,0x156d90,6,5,2,0,380025,380035,10,9,RECEIVED
58180b_1_0_0,0x58180b,7,1,0,0,380155,380525,370,4,RECEIVED
561a36_3_0_0,0x561a36,8,3,0,0,380265,380455,190,6,RECEIVED
48038a_4_5_1,0x48038a,9,4,5,1,380495,380685,190,15,RECEIVED
48a944_0_3_1,0x48a944,10,0,3,1,380615,380985,370,2,RECEIVED
7892c8_0_3_0,0x7892c8,11,0,3,0,380795,381125,330,2,RECEIVED
6a1b30_5_1_0,0x6a1b30,12,5,1,0,380935,381035,100,8,RECEIVED
13913d_0_3_0,0x13913d,13,0,3,0,381075,381445,370,2,RECEIVED
4ea799_3_0_0,0x4ea799,14,3,0,0,381175,381365,190,6,RECEIVED
3662ac_5_2_0,0x3662ac,15,5,2,0,381465,381475,10,9,RECEIVED
4b0cb_2_5_0,0x4b0cb,0,2,5,0,381735,382085,350,13,RECEIVED
6018c3_2_5_1,0x6018c3,1,2,5,1,381985,382235,250,13,RECEIVED
5daac5_4_0_1,0x5daac5,2,4,0,1,382195,382295,100,7,RECEIVED
6fd7c6_0_2_1,0x6fd7c6,3,0,2,1,382375,382655,280,1,RECEIVED
139928_5_3_1,0x139928,4,5,3,1,382645,382745,100,10,RECEIVED
54233c_2_5_0,0x54233c,5,2,5,0,382895,383245,350,13,RECEIVED
109090_5_4_0,0x109090,6,5,4,0,382985,383185,200,11,RECEIVED
47351a_5_2_1,0x47351a,7,5,2,1,383255,383265,10,9,RECEIVED
160c6f_5_3_0,0x160c6f,8,5,3,0,383375,383475,100,10,RECEIVED
4961cb_5_1_0,0x4961cb,9,5,1,0,383585,383685,100,8,RECEIVED
70b86d_1_0_0,0x70b86d,10,1,0,0,383875,384245,370,4,RECEIVED
6e83b2_0_1_1,0x6e83b2,11,0,1,1,384055,384405,350,0,RECEIVED
31a500_5_2_0,0x31a500,12,5,2,0,384235,384245,10,9,RECEIVED
1d41e7_2_5_1,0x1d41e7,13,2,5,1,384495,384805,310,13,RECEIVED
700a2e_0_1_1,0x700a2e,14,0,1,1,384585,384965,380,0,RECEIVED
44dbfb_3_0_1,0x44dbfb,15,3,0,1,384785,384955,170,6,RECEIVED
1f42ca_4_5_1,0x1f42ca,0,4,5,1,384905,385095,190,15,RECEIVED
94b5d_5_4_0,0x94b5d,1,5,4,0,385185,385375,190,11,RECEIVED
3c533e_1_0_0,0x3c533e,2,1,0,0,385445,385695,250,4,RECEIVED
588d57_0_2_1,0x588d57,3,0,2,1,385615,385895,280,1,RECEIVED
56fc_0_4_1,0x56fc,4,0,4,1,385855,386255,400,3,RECEIVED
544cb9_3_0_0,0x544cb9,5,3,0,0,386045,386235,190,6,RECEIVED
647472_0_4_0,0x647472,6,0,4,0,386165,386585,420,3,RECEIVED
7888ca_0_1_1,0x7888ca,7,0,1,1,386435,386785,350,0,RECEIVED
1c05d0_4_5_1,0x1c05d0,8,4,5,1,386535,386635,100,15,RECEIVED
747090_5_1_0,0x747090,9,5,1,0,386655,386795,140,8,RECEIVED
4d674e_4_0_1,0x4d674e,10,4,0,1,386935,387125,190,7,RECEIVED
39c55b_0_3_0,0x39c55b,11,0,3,0,387195,387435,240,2,RECEIVED
4dac7_4_5_0,0x4dac7,12,4,5,0,387355,387455,100,15,RECEIVED
33df3a_5_4_0,0x33df3a,13,5,4,0,387555,387655,100,11,RECEIVED
46eb2a_2_0_1,0x46eb2a,14,2,0,1,387665,387995,330,5,RECEIVED
7c39f6_1_0_1,0x7c39f6,15,1,0,1,387805,388245,440,4,RECEIVED
1dad43_5_2_1,0x1dad43,0,5,2,1,388085,388185,100,9,RECEIVED
7873c7_3_0_0,0x7873c7,1,3,0,0,388205,388485,280,6,RECEIVED
7f1cec_4_5_0,0x7f1cec,2,4,5,0,388465,388565,100,15,RECEIVED
4a276d_1_0_0,0x4a276d,3,1,0,0,388685,389025,340,4,RECEIVED
a8526_0_1_0,0xa8526,4,0,1,0,388905,389365,460,0,RECEIVED
3fa8f2_0_4_1,0x3fa8f2,5,0,4,1,389185,389495,310,3,RECEIVED
31bfff_2_5_1,0x31bfff,6,2,5,1,389325,389545,220,13,RECEIVED
72ba3b_4_5_1,0x72ba3b,7,4,5,1,389455,389555,100,15,RECEIVED
4d5144_1_0_0,0x4d5144,8,1,0,0,389665,390125,460,4,RECEIVED
170175_0_2_1,0x170175,9,0,2,1,389795,390165,370,1,RECEIVED
1c89db_0_2_1,0x1c89db,10,0,2,1,389965,390335,370,1,RECEIVED
4f3fe7_4_0_0,0x4f3fe7,11,4,0,0,390075,390265,190,7,RECEIVED
79fb32_2_0_0,0x79fb32,12,2,0,0,390305,390675,370,5,RECEIVED
664b3b_0_2_0,0x664b3b,13,0,2,0,390585,390835,250,1,RECEIVED
60d38a_2_0_0,0x60d38a,14,2,0,0,390735,391105,370,5,RECEIVED
3db8f2_5_3_1,0x3db8f2,15,5,3,1,390865,390875,10,10,RECEIVED
245ba9_1_0_1,0x245ba9,0,1,0,1,391045,391465,420,4,RECEIVED
2a2b12_5_2_1,0x2a2b12,1,5,2,1,391185,391285,100,9,RECEIVED
3f3d22_0_1_1,0x3f3d22,2,0,1,1,391315,391775,460,0,RECEIVED
6315f_5_3_1,0x6315f,3,5,3,1,391505,391515,10,10,RECEIVED
71b255_2_5_1,0x71b255,4,2,5,1,391695,391975,280,13,RECEIVED
45a555_5_2_0,0x45a555,5,5,2,0,391945,392045,100,9,RECEIVED
43a25a_0_3_1,0x43a25a,6,0,3,1,392055,392335,280,2,RECEIVED
65cdf6_5_3_0,0x65cdf6,7,5,3,0,392255,392265,10,10,RECEIVED
614516_1_0_0,0x614516,8,1,0,0,392515,392915,400,4,RECEIVED
3a4f8a_2_5_1,0x3a4f8a,9,2,5,1,392625,392905,280,13,RECEIVED
2b0ca_3_0_0,0x2b0ca,10,3,0,0,392745,393025,280,6,RECEIVED
211462_0_3_1,0x211462,11,0,3,1,392925,393205,280,2,RECEIVED
6891ba_5_3_0,0x6891ba,12,5,3,0,393055,393065,10,10,RECEIVED
628d03_4_5_1,0x628d03,13,4,5,1,393255,393355,100,15,RECEIVED
319e1f_1_0_1,0x319e1f,14,1,0,1,393495,393935,440,4,RECEIVED
54d129_1_5_1,0x54d129,15,1,5,1,393745,394115,370,12,RECEIVED
2cb8d_5_4_0,0x2cb8d,0,5,4,0,394035,394135,100,11,RECEIVED
18cb46_2_0_1,0x18cb46,1,2,0,1,394265,394595,330,5,RECEIVED
3cc1e8_4_5_0,0x3cc1e8,2,4,5,0,394415,394515,100,15,RECEIVED
2c1313_0_3_1,0x2c1313,3,0,3,1,394545,394825,280,2,RECEIVED
6ea537_5_3_1,0x6ea537,4,5,3,1,394815,394825,10,10,RECEIVED
3ee0ff_2_5_0,0x3ee0ff,5,2,5,0,394965,395225,260,13,RECEIVED
5d4713_0_1_1,0x5d4713,6,0,1,1,395235,395695,460,0,RECEIVED
41dbde_0_4_1,0x41dbde,7,0,4,1,395505,395875,370,3,RECEIVED
7b9ab1_2_5_0,0x7b9ab1,8,2,5,0,395635,395915,280,13,RECEIVED
2e7305_0_3_0,0x2e7305,9,0,3,0,395835,396115,280,2,RECEIVED
79a6a7_5_2_1,0x79a6a7,10,5,2,1,396005,396105,100,9,RECEIVED
651f18_3_5_1,0x651f18,11,3,5,1,396245,396375,130,14,RECEIVED
1e47a1_0_4_0,0x1e47a1,12,0,4,0,396485,396815,330,3,RECEIVED
2ee573_0_3_1,0x2ee573,13,0,3,1,396775,397055,280,2,RECEIVED
37c2e4_0_2_1,0x37c2e4,14,0,2,1,396995,397365,370,1,RECEIVED
267b84_3_5_1,0x267b84,15,3,5,1,397135,397265,130,14,RECEIVED
723262_4_0_0,0x723262,0,4,0,0,397355,397545,190,7,RECEIVED
1a99f1_0_2_0,0x1a99f1,1,0,2,0,397575,397825,250,1,RECEIVED
705402_2_0_0,0x705402,2,2,0,0,397845,398155,310,5,RECEIVED
26390e_5_4_1,0x26390e,3,5,4,1,397965,398065,100,11,RECEIVED
71fcbe_0_4_0,0x71fcbe,4,0,4,0,398065,398415,350,3,RECEIVED
25928f_5_1_1,0x25928f,5,5,1,1,398315,398505,190,8,RECEIVED
4852b6_5_3_1,0x4852b6,6,5,3,1,398525,398535,10,10,RECEIVED
6e7a6e_4_0_0,0x6e7a6e,7,4,0,0,398685,398875,190,7,RECEIVED
76ace5_5_4_1,0x76ace5,8,5,4,1,398965,399065,100,11,RECEIVED
1898c3_4_0_0,0x1898c3,9,4,0,0,399215,399405,190,7,RECEIVED
2a54e0_5_3_0,0x2a54e0,10,5,3,0,399425,399435,10,10,RECEIVED
6c0863_4_5_0,0x6c0863,11,4,5,0,399665,399765,100,15,RECEIVED
3b22d_3_0_0,0x3b22d,12,3,0,0,399865,400145,280,6,RECEIVED
6d5d36_1_5_0,0x6d5d36,13,1,5,0,400055,400425,370,12,RECEIVED
c700a_2_5_1,0xc700a,14,2,5,1,400315,400535,220,13,RECEIVED
33ead4_3_0_0,0x33ead4,15,3,0,0,400605,400885,280,6,RECEIVED
e2622_4_5_0,0xe2622,0,4,5,0,400825,400925,100,15,RECEIVED
7f7e6e_1_5_0,0x7f7e6e,1,1,5,0,401035,401385,350,12,RECEIVED
2f0205_0_2_0,0x2f0205,2,0,2,0,401175,401545,370,1,RECEIVED
7b9005_3_0_0,0x7b9005,3,3,0,0,401325,401605,280,6,RECEIVED
2c2b76_0_2_0,0x2c2b76,4,0,2,0,401435,401805,370,1,RECEIVED
26fb7a_5_1_0,0x26fb7a,5,5,1,0,401615,401805,190,8,RECEIVED
62c540_5_2_0,0x62c540,6,5,2,0,401785,401885,100,9,RECEIVED
5b32f8_5_3_0,0x5b32f8,7,5,3,0,401975,401985,10,10,RECEIVED
3db8e8_2_0_0,0x3db8e8,8,2,0,0,402165,402535,370,5,RECEIVED
c05b_0_1_0,0xc05b,9,0,1,0,402385,402785,400,0,RECEIVED
4fa5d8_0_1_1,0x4fa5d8,10,0,1,1,402475,402895,420,0,RECEIVED
31ffde_0_4_0,0x31ffde,11,0,4,0,402705,403075,370,3,RECEIVED
4bdcd_5_4_0,0x4bdcd,12,5,4,0,402895,402995,100,11,RECEIVED
76513b_3_5_0,0x76513b,13,3,5,0,403095,403285,190,14,RECEIVED
1a1a53_0_1_0,0x1a1a53,14,0,1,0,403245,403645,400,0,RECEIVED
3dee28_1_5_1,0x3dee28,15,1,5,1,403345,403655,310,12,RECEIVED
2a3ecc_2_5_0,0x2a3ecc,0,2,5,0,403505,403785,280,13,RECEIVED
4b73a5_2_5_1,0x4b73a5,1,2,5,1,403605,403825,220,13,RECEIVED
7bacf0_3_5_1,0x7bacf0,2,3,5,1,403905,404005,100,14,RECEIVED
7f52d9_0_4_1,0x7f52d9,3,0,4,1,404075,404315,240,3,RECEIVED
15dfa0_1_0_1,0x15dfa0,4,1,0,1,404355,404865,510,4,RECEIVED
7f04c0_5_2_1,0x7f04c0,5,5,2,1,404605,404745,140,9,RECEIVED
237c2_3_5_0,0x237c2,6,3,5,0,404885,404985,100,14,RECEIVED
272b0a_5_2_0,0x272b0a,7,5,2,0,405035,405225,190,9,RECEIVED
4507f_2_0_0,0x4507f,8,2,0,0,405315,405775,460,5,RECEIVED
2028b_4_0_1,0x2028b,9,4,0,1,405485,405765,280,7,RECEIVED
63ab8f_4_0_1,0x63ab8f,10,4,0,1,405575,405865,290,7,RECEIVED
10be6_0_2_1,0x10be6,11,0,2,1,405685,406145,460,1,RECEIVED
a1d88_5_1_1,0xa1d88,12,5,1,1,405805,406085,280,8,RECEIVED
7c52e1_0_2_1,0x7c52e1,13,0,2,1,406015,406475,460,1,RECEIVED
140104_0_3_1,0x140104,14,0,3,1,406265,406635,370,2,RECEIVED
3377bc_3_0_1,0x3377bc,15,3,0,1,406505,406815,310,6,RECEIVED
4de462_5_1_0,0x4de462,0,5,1,0,406755,407035,280,8,RECEIVED
1a5b8d_0_4_1,0x1a5b8d,1,0,4,1,406885,407165,280,3,RECEIVED
454565_4_5_0,0x454565,2,4,5,0,407095,407105,10,15,RECEIVED
6b52f1_5_1_0,0x6b52f1,3,5,1,0,407255,407535,280,8,RECEIVED
7b0d6c_2_0_1,0x7b0d6c,4,2,0,1,407375,407775,400,5,RECEIVED
33587_1_5_0,0x33587,5,1,5,0,407585,407865,280,12,RECEIVED
68352e_5_1_1,0x68352e,6,5,1,1,407825,408105,280,8,RECEIVED
1a42e7_2_5_0,0x1a42e7,7,2,5,0,408005,408195,190,13,RECEIVED
3f47d1_5_4_0,0x3f47d1,8,5,4,0,408185,408195,10,11,RECEIVED
659043_2_0_0,0x659043,9,2,0,0,408325,408665,340,5,RECEIVED
6b00d7_1_0_1,0x6b00d7,10,1,0,1,408425,408975,550,4,RECEIVED
4e305f_5_2_1,0x4e305f,11,5,2,1,408625,408815,190,9,RECEIVED
323e1a_0_4_1,0x323e1a,12,0,4,1,408865,409145,280,3,RECEIVED
151bd2_0_1_0,0x151bd2,13,0,1,0,408965,409455,490,0,RECEIVED
3f98e4_3_0_0,0x3f98e4,14,3,0,0,409095,409465,370,6,RECEIVED
69f053_3_5_0,0x69f053,15,3,5,0,409365,409465,100,14,RECEIVED
493080_2_5_0,0x493080,0,2,5,0,409485,409675,190,13,RECEIVED
37fd58_4_5_0,0x37fd58,1,4,5,0,409715,409725,10,15,RECEIVED
2dc8f_2_5_1,0x2dc8f,2,2,5,1,409995,410185,190,13,RECEIVED
5d2c3e_0_3_1,0x5d2c3e,3,0,3,1,410185,410555,370,2,RECEIVED
391aad_5_4_0,0x391aad,4,5,4,0,410365,410375,10,11,RECEIVED
494f4c_0_3_1,0x494f4c,5,0,3,1,410475,410845,370,2,RECEIVED
7113e3_1_0_0,0x7113e3,6,1,0,0,410625,411175,550,4,RECEIVED
3663ef_0_1_0,0x3663ef,7,0,1,0,410885,411435,550,0,RECEIVED
472c9_5_4_0,0x472c9,8,5,4,0,411015,411025,10,11,RECEIVED
234793_3_5_1,0x234793,9,3,5,1,411185,411285,100,14,RECEIVED
a5eb4_3_0_0,0xa5eb4,10,3,0,0,411475,411845,370,6,RECEIVED
29f61c_4_5_1,0x29f61c,11,4,5,1,411655,411665,10,15,RECEIVED
3df9ac_5_3_1,0x3df9ac,12,5,3,1,411945,412045,100,10,RECEIVED
3cd398_3_0_1,0x3cd398,13,3,0,1,412195,412545,350,6,RECEIVED
4db6d5_5_3_1,0x4db6d5,14,5,3,1,412365,412465,100,10,RECEIVED
6c0394_0_1_1,0x6c0394,15,0,1,1,412655,413185,530,0,RECEIVED
d4d85_1_5_0,0xd4d85,0,1,5,0,412895,413175,280,12,RECEIVED
37078_2_0_1,0x37078,1,2,0,1,413115,413555,440,5,RECEIVED
68c94d_1_0_1,0x68c94d,2,1,0,1,413405,413955,550,4,RECEIVED
73f4b3_3_5_1,0x73f4b3,3,3,5,1,413635,413735,100,14,RECEIVED
4a7aa1_1_0_0,0x4a7aa1,4,1,0,0,413755,414125,370,4,RECEIVED
1bfb85_0_2_0,0x1bfb85,5,0,2,0,413955,414235,280,1,RECEIVED
26597d_4_5_1,0x26597d,6,4,5,1,414125,414135,10,15,RECEIVED
71affb_1_5_1,0x71affb,7,1,5,1,414395,414675,280,12,RECEIVED
3dc47c_3_5_1,0x3dc47c,8,3,5,1,414675,414775,100,14,RECEIVED
553fd0_0_3_1,0x553fd0,9,0,3,1,414865,415235,370,2,RECEIVED
387f96_0_2_1,0x387f96,10,0,2,1,415145,415585,440,1,RECEIVED
489a85_5_1_1,0x489a85,11,5,1,1,415315,415595,280,8,RECEIVED
22e6c2_3_5_0,0x22e6c2,12,3,5,0,415535,415635,100,14,RECEIVED
57363d_4_5_0,0x57363d,13,4,5,0,415705,415715,10,15,RECEIVED
16c4a0_1_0_0,0x16c4a0,14,1,0,0,415905,416455,550,4,RECEIVED
3557a0_0_1_0,0x3557a0,15,0,1,0,416185,416735,550,0,RECEIVED
2e9637_1_0_0,0x2e9637,0,1,0,0,416315,416865,550,4,RECEIVED
7f125_2_5_1,0x7f125,1,2,5,1,416445,416635,190,13,RECEIVED
7fcbd3_1_5_0,0x7fcbd3,2,1,5,0,416615,416895,280,12,RECEIVED
6d9b20_5_3_0,0x6d9b20,3,5,3,0,416885,416985,100,10,RECEIVED
6fb96d_4_5_0,0x6fb96d,4,4,5,0,417075,417085,10,15,RECEIVED
324e9d_2_0_0,0x324e9d,5,2,0,0,417225,417685,460,5,RECEIVED
5938ac_5_3_1,0x5938ac,6,5,3,1,417425,417525,100,10,RECEIVED
6e4c50_1_5_1,0x6e4c50,7,1,5,1,417565,417845,280,12,RECEIVED
63886b_0_2_0,0x63886b,8,0,2,0,417775,418175,400,1,RECEIVED
5f9709_3_0_1,0x5f9709,9,3,0,1,417945,418275,330,6,RECEIVED
3537d6_4_5_1,0x3537d6,10,4,5,1,418085,418095,10,15,RECEIVED
677668_5_3_0,0x677668,11,5,3,0,418185,418285,100,10,RECEIVED
44c5c2_0_1_1,0x44c5c2,12,0,1,1,418425,418935,510,0,RECEIVED
49ed9a_5_1_1,0x49ed9a,13,5,1,1,418665,418945,280,8,RECEIVED
51d8eb_0_3_1,0x51d8eb,14,0,3,1,418815,419185,370,2,RECEIVED
456fa0_0_1_0,0x456fa0,15,0,1,0,419055,419485,430,0,RECEIVED
50e28d_0_3_0,0x50e28d,0,0,3,0,419165,419355,190,2,RECEIVED
641b5d_3_0_0,0x641b5d,1,3,0,0,419395,419765,370,6,RECEIVED
27d880_2_5_0,0x27d880,2,2,5,0,419615,419805,190,13,RECEIVED
38c42d_0_1_0,0x38c42d,3,0,1,0,419775,420325,550,0,RECEIVED
d4aa2_0_1_0,0xd4aa2,4,0,1,0,419865,420425,560,0,RECEIVED
32365d_1_5_0,0x32365d,5,1,5,0,420145,420425,280,12,RECEIVED
680570_4_5_1,0x680570,6,4,5,1,420385,420395,10,15,RECEIVED
4bc5cc_1_0_0,0x4bc5cc,7,1,0,0,420555,421105,550,4,RECEIVED
214706_3_0_0,0x214706,8,3,0,0,420765,421135,370,6,RECEIVED
60cfe3_4_0_1,0x60cfe3,9,4,0,1,420865,421145,280,7,RECEIVED
78abb3_4_0_1,0x78abb3,10,4,0,1,421015,421295,280,7,RECEIVED
3e717c_1_0_0,0x3e717c,11,1,0,0,421195,421745,550,4,RECEIVED
730722_0_3_0,0x730722,12,0,3,0,421445,421525,80,2,RECEIVED
6cc49a_5_1_0,0x6cc49a,13,5,1,0,421635,422065,430,8,RECEIVED
2a1eb1_3_0_1,0x2a1eb1,14,3,0,1,421765,422065,300,6,RECEIVED
706680_5_2_0,0x706680,15,5,2,0,421865,422245,380,9,RECEIVED
1af6de_3_0_0,0x1af6de,0,3,0,0,422035,422475,440,6,RECEIVED
15e8bc_5_2_0,0x15e8bc,1,5,2,0,422245,422705,460,9,RECEIVED
1f9556_0_4_1,0x1f9556,2,0,4,1,422415,422425,10,3,RECEIVED
16394c_0_1_1,0x16394c,3,0,1,1,422565,422845,280,0,RECEIVED
141baf_0_4_0,0x141baf,4,0,4,0,422835,422845,10,3,RECEIVED
688304_0_3_0,0x688304,5,0,3,0,422985,423085,100,2,RECEIVED
1075ad_1_5_0,0x1075ad,6,1,5,0,423125,423135,10,12,RECEIVED
7b1b84_0_2_0,0x7b1b84,7,0,2,0,423225,423415,190,1,RECEIVED
4ebe75_2_5_1,0x4ebe75,8,2,5,1,423455,423555,100,13,RECEIVED
6c63bd_5_4_1,0x6c63bd,9,5,4,1,423585,423795,210,11,RECEIVED
3467a7_1_5_0,0x3467a7,10,1,5,0,423695,423705,10,12,RECEIVED
395560_4_5_0,0x395560,11,4,5,0,423905,424185,280,15,RECEIVED
33dde7_1_5_0,0x33dde7,12,1,5,0,424175,424185,10,12,RECEIVED
4b5f6d_5_1_0,0x4b5f6d,13,5,1,0,424415,424965,550,8,RECEIVED
1ae774_4_0_0,0x1ae774,14,4,0,0,424695,425245,550,7,RECEIVED
3e1c19_3_5_1,0x3e1c19,15,3,5,1,424885,425075,190,14,RECEIVED
25f0c8_5_2_1,0x25f0c8,0,5,2,1,425025,425425,400,9,RECEIVED
3839fd_3_0_0,0x3839fd,1,3,0,0,425265,425725,460,6,RECEIVED
23c8f7_5_2_1,0x23c8f7,2,5,2,1,425525,425985,460,9,RECEIVED
43338e_3_5_1,0x43338e,3,3,5,1,425645,425835,190,14,RECEIVED
296c78_1_0_1,0x296c78,4,1,0,1,425845,426125,280,4,RECEIVED
3027fa_5_2_0,0x3027fa,5,5,2,0,426025,426465,440,9,RECEIVED
444e01_0_2_1,0x444e01,6,0,2,1,426245,426435,190,1,RECEIVED
5f92db_0_4_1,0x5f92db,7,0,4,1,426475,426485,10,3,RECEIVED
431398_0_2_0,0x431398,8,0,2,0,426595,426785,190,1,RECEIVED
57cfda_2_0_0,0x57cfda,9,2,0,0,426755,427125,370,5,RECEIVED
67fa21_5_1_0,0x67fa21,10,5,1,0,426875,427425,550,8,RECEIVED
b9f52_0_2_1,0xb9f52,11,0,2,1,427125,427315,190,1,RECEIVED
664fdb_1_0_1,0x664fdb,12,1,0,1,427305,427585,280,4,RECEIVED
219131_0_1_1,0x219131,13,0,1,1,427415,427695,280,0,RECEIVED
695182_5_4_1,0x695182,14,5,4,1,427505,427785,280,11,RECEIVED
7752bf_3_0_1,0x7752bf,15,3,0,1,427775,428115,340,6,RECEIVED
6e9af0_2_5_0,0x6e9af0,0,2,5,0,427975,428075,100,13,RECEIVED
7c0008_5_3_0,0x7c0008,1,5,3,0,428105,428395,290,10,RECEIVED
81c33_1_0_0,0x81c33,2,1,0,0,428205,428485,280,4,RECEIVED
659750_5_3_1,0x659750,3,5,3,1,428405,428715,310,10,RECEIVED
6d39a8_4_0_1,0x6d39a8,4,4,0,1,428525,428955,430,7,RECEIVED
6cc4c6_4_5_1,0x6cc4c6,5,4,5,1,428805,429085,280,15,RECEIVED
e35e3_5_2_0,0xe35e3,6,5,2,0,429065,429485,420,9,RECEIVED
6a015a_3_5_0,0x6a015a,7,3,5,0,429275,429465,190,14,RECEIVED
75fefc_2_0_0,0x75fefc,8,2,0,0,429545,429915,370,5,RECEIVED
fb896_2_5_0,0xfb896,9,2,5,0,429785,429885,100,13,RECEIVED
10b51b_4_0_1,0x10b51b,10,4,0,1,430055,430545,490,7,RECEIVED
4ecc57_5_3_1,0x4ecc57,11,5,3,1,430305,430675,370,10,RECEIVED
7475f9_3_0_0,0x7475f9,12,3,0,0,430405,430845,440,6,RECEIVED
3a4ac0_5_3_0,0x3a4ac0,13,5,3,0,430555,430905,350,10,RECEIVED
7c7da4_0_3_1,0x7c7da4,14,0,3,1,430675,430775,100,2,RECEIVED
1dcaba_0_3_1,0x1dcaba,15,0,3,1,430885,430985,100,2,RECEIVED
66b1ef_0_3_1,0x66b1ef,0,0,3,1,431105,431205,100,2,RECEIVED
521423_2_5_1,0x521423,1,2,5,1,431235,431335,100,13,RECEIVED
5beb23_0_3_0,0x5beb23,2,0,3,0,431365,431465,100,2,RECEIVED
5e97cf_5_3_0,0x5e97cf,3,5,3,0,431475,431845,370,10,RECEIVED
7891b1_0_4_1,0x7891b1,4,0,4,1,431725,431735,10,3,RECEIVED
6a0fb2_1_0_0,0x6a0fb2,5,1,0,0,432005,432285,280,4,RECEIVED
9bf3_5_3_1,0x9bf3,6,5,3,1,432155,432465,310,10,RECEIVED
3a8d51_5_2_0,0x3a8d51,7,5,2,0,432295,432735,440,9,RECEIVED
4dede7_4_5_0,0x4dede7,8,4,5,0,432575,432855,280,15,RECEIVED
38bd97_0_3_0,0x38bd97,9,0,3,0,432675,432775,100,2,RECEIVED
7102c6_1_5_0,0x7102c6,10,1,5,0,432875,432885,10,12,RECEIVED
751d8_0_4_0,0x751d8,11,0,4,0,433105,433115,10,3,RECEIVED
1752e5_2_5_0,0x1752e5,12,2,5,0,433395,433495,100,13,RECEIVED
2539e7_3_0_1,0x2539e7,13,3,0,1,433615,433895,280,6,RECEIVED
4abad_5_4_0,0x4abad,14,5,4,0,433785,434065,280,11,RECEIVED
645ee7_5_3_1,0x645ee7,15,5,3,1,433975,434345,370,10,RECEIVED
48b0dd_2_5_0,0x48b0dd,0,2,5,0,434195,434295,100,13,RECEIVED
1e6819_5_4_0,0x1e6819,1,5,4,0,434375,434655,280,11,RECEIVED
30c5b7_2_5_0,0x30c5b7,2,2,5,0,434625,434725,100,13,RECEIVED
4dd5ad_3_0_0,0x4dd5ad,3,3,0,0,434735,435175,440,6,RECEIVED
961cc_5_2_0,0x961cc,4,5,2,0,434965,435405,440,9,RECEIVED
6e8e4f_4_5_1,0x6e8e4f,5,4,5,1,435145,435425,280,15,RECEIVED
43513b_5_2_0,0x43513b,6,5,2,0,435305,435765,460,9,RECEIVED
ed26_3_5_1,0xed26,7,3,5,1,435485,435675,190,14,RECEIVED
6c7fb8_3_5_1,0x6c7fb8,8,3,5,1,435655,435845,190,14,RECEIVED
3250ec_0_4_1,0x3250ec,9,0,4,1,435835,435845,10,3,RECEIVED
3c532d_1_0_1,0x3c532d,10,1,0,1,436075,436355,280,4,RECEIVED
746549_2_0_1,0x746549,11,2,0,1,436225,436415,190,5,RECEIVED
3644ae_4_0_0,0x3644ae,12,4,0,0,436435,436875,440,7,RECEIVED
1528fe_3_5_0,0x1528fe,13,3,5,0,436605,436705,100,14,RECEIVED
400924_4_5_0,0x400924,14,4,5,0,436745,436935,190,15,RECEIVED
5a8219_1_5_1,0x5a8219,15,1,5,1,436905,436995,90,12,RECEIVED
3ca239_5_1_0,0x3ca239,0,5,1,0,437175,437635,460,8,RECEIVED
329fa3_0_1_1,0x329fa3,1,0,1,1,437265,437635,370,0,RECEIVED
2f5c2c_2_5_0,0x2f5c2c,2,2,5,0,437465,437475,10,13,RECEIVED
6158d8_0_4_0,0x6158d8,3,0,4,0,437605,437705,100,3,RECEIVED
49250f_4_0_0,0x49250f,4,4,0,0,437835,438295,460,7,RECEIVED
c8bf4_0_4_1,0xc8bf4,5,0,4,1,437985,438085,100,3,RECEIVED
267f95_5_4_0,0x267f95,6,5,4,0,438075,438265,190,11,RECEIVED
644c0b_0_4_0,0x644c0b,7,0,4,0,438325,438425,100,3,RECEIVED
7000d0_0_2_0,0x7000d0,8,0,2,0,438425,438645,220,1,RECEIVED
1e83da_0_2_0,0x1e83da,9,0,2,0,438605,438885,280,1,RECEIVED
281ae0_4_5_0,0x281ae0,10,4,5,0,438795,438985,190,15,RECEIVED
3310e_5_4_0,0x3310e,11,5,4,0,439025,439215,190,11,RECEIVED
5c656c_0_2_0,0x5c656c,12,0,2,0,439295,439575,280,1,RECEIVED
3b5507_0_3_1,0x3b5507,13,0,3,1,439455,439645,190,2,RECEIVED
5f3a7_2_5_0,0x5f3a7,14,2,5,0,439555,439565,10,13,RECEIVED
4c091a_5_4_0,0x4c091a,15,5,4,0,439745,439935,190,11,RECEIVED
59a301_5_2_0,0x59a301,0,5,2,0,439955,440325,370,9,RECEIVED
6057c3_4_5_1,0x6057c3,1,4,5,1,440145,440335,190,15,RECEIVED
97631_0_1_1,0x97631,2,0,1,1,440345,440695,350,0,RECEIVED
39c8d3_5_1_0,0x39c8d3,3,5,1,0,440465,440925,460,8,RECEIVED
478c8e_1_0_1,0x478c8e,4,1,0,1,440565,440935,370,4,RECEIVED
178cdb_0_1_0,0x178cdb,5,0,1,0,440835,441145,310,0,RECEIVED
473d2_0_3_0,0x473d2,6,0,3,0,441025,441155,130,2,RECEIVED
6cea82_5_1_0,0x6cea82,7,5,1,0,441255,441715,460,8,RECEIVED
2b2c0a_0_4_0,0x2b2c0a,8,0,4,0,441435,441535,100,3,RECEIVED
2aaead_5_2_0,0x2aaead,9,5,2,0,441555,441925,370,9,RECEIVED
7c7325_5_3_0,0x7c7325,10,5,3,0,441695,441935,240,10,RECEIVED
1209a8_3_5_1,0x1209a8,11,3,5,1,441935,442035,100,14,RECEIVED
5af0fe_5_4_1,0x5af0fe,12,5,4,1,442135,442325,190,11,RECEIVED
5e135a_0_4_0,0x5e135a,13,0,4,0,442375,442475,100,3,RECEIVED
127e08_0_1_0,0x127e08,14,0,1,0,442465,442835,370,0,RECEIVED
db5a6_2_0_1,0xdb5a6,15,2,0,1,442675,442955,280,5,RECEIVED
49d4ad_0_2_1,0x49d4ad,0,0,2,1,442845,443105,260,1,RECEIVED
12f6c2_2_5_0,0x12f6c2,1,2,5,0,443055,443065,10,13,RECEIVED
2a7a59_1_5_1,0x2a7a59,2,1,5,1,443215,443315,100,12,RECEIVED
61a326_3_5_0,0x61a326,3,3,5,0,443405,443505,100,14,RECEIVED
2e79db_2_0_0,0x2e79db,4,2,0,0,443655,443935,280,5,RECEIVED
612885_5_2_1,0x612885,5,5,2,1,443925,444175,250,9,RECEIVED
710358_5_1_1,0x710358,6,5,1,1,444015,444425,410,8,RECEIVED
1aa8c2_4_0_0,0x1aa8c2,7,4,0,0,444275,444715,440,7,RECEIVED
3db2d2_5_2_0,0x3db2d2,8,5,2,0,444545,444895,350,9,RECEIVED
552452_0_1_0,0x552452,9,0,1,0,444715,445085,370,0,RECEIVED
8d2eb_4_0_0,0x8d2eb,10,4,0,0,444855,445315,460,7,RECEIVED
5bde40_0_3_0,0x5bde40,11,0,3,0,444995,445125,130,2,RECEIVED
630185_4_0_0,0x630185,12,4,0,0,445265,445725,460,7,RECEIVED
596b51_5_3_1,0x596b51,13,5,3,1,445555,445835,280,10,RECEIVED
4888f1_1_5_0,0x4888f1,14,1,5,0,445745,445845,100,12,RECEIVED
247e71_0_4_0,0x247e71,15,0,4,0,445875,445975,100,3,RECEIVED
3a4546_3_5_1,0x3a4546,0,3,5,1,446145,446245,100,14,RECEIVED
7f1ce5_3_5_0,0x7f1ce5,1,3,5,0,446305,446405,100,14,RECEIVED
2c728c_4_0_0,0x2c728c,2,4,0,0,446435,446895,460,7,RECEIVED
51402_1_5_1,0x51402,3,1,5,1,446695,446795,100,12,RECEIVED
225a2e_5_2_0,0x225a2e,4,5,2,0,446785,447155,370,9,RECEIVED
197261_0_4_1,0x197261,5,0,4,1,446885,446985,100,3,RECEIVED
8b211_5_4_1,0x8b211,6,5,4,1,447135,447325,190,11,RECEIVED
825c2_3_5_0,0x825c2,7,3,5,0,447405,447505,100,14,RECEIVED
5b68ab_4_0_1,0x5b68ab,8,4,0,1,447675,448015,340,7,RECEIVED
236b81_0_1_1,0x236b81,9,0,1,1,447965,448295,330,0,RECEIVED
596406_3_5_1,0x596406,10,3,5,1,448105,448205,100,14,RECEIVED
752e40_5_1_0,0x752e40,11,5,1,0,448215,448655,440,8,RECEIVED
2b4838_2_5_1,0x2b4838,12,2,5,1,448305,448315,10,13,RECEIVED
365e61_5_2_1,0x365e61,13,5,2,1,448425,448795,370,9,RECEIVED
452067_3_5_1,0x452067,14,3,5,1,448695,448795,100,14,RECEIVED
c9aae_2_5_1,0xc9aae,15,2,5,1,448855,448865,10,13,RECEIVED
1b0255_2_5_0,0x1b0255,0,2,5,0,449045,449055,10,13,RECEIVED
7b1392_0_2_1,0x7b1392,1,0,2,1,449265,449545,280,1,RECEIVED
18d069_5_3_1,0x18d069,2,5,3,1,449515,449795,280,10,RECEIVED
2fb5b0_0_3_0,0x2fb5b0,3,0,3,0,449755,449885,130,2,RECEIVED
17d1c_5_1_0,0x17d1c,4,5,1,0,449995,450455,460,8,RECEIVED
5a1b00_5_1_1,0x5a1b00,5,5,1,1,450125,450525,400,8,RECEIVED
35c0b5_0_3_0,0x35c0b5,6,0,3,0,450415,450605,190,2,RECEIVED
10d0e6_5_1_0,0x10d0e6,7,5,1,0,450555,450995,440,8,RECEIVED
20a792_2_0_1,0x20a792,8,2,0,1,450745,451025,280,5,RECEIVED
77295a_4_0_1,0x77295a,9,4,0,1,451005,451405,400,7,RECEIVED
1cb2da_5_4_1,0x1cb2da,10,5,4,1,451185,451375,190,11,RECEIVED
6c35b2_5_4_1,0x6c35b2,11,5,4,1,451465,451655,190,11,RECEIVED
26ef14_5_3_0,0x26ef14,12,5,3,0,451655,451765,110,10,RECEIVED
4dbc61_1_0_0,0x4dbc61,13,1,0,0,451885,452105,220,4,RECEIVED
230593_4_0_0,0x230593,14,4,0,0,452165,452515,350,7,RECEIVED
4d58e7_5_1_1,0x4d58e7,15,5,1,1,452305,452555,250,8,RECEIVED
6bcd6f_5_4_0,0x6bcd6f,0,5,4,0,452475,452575,100,11,RECEIVED
555767_5_4_0,0x555767,1,5,4,0,452615,452715,100,11,RECEIVED
f37ee_0_4_0,0xf37ee,2,0,4,0,452725,452905,180,3,RECEIVED
74c233_4_5_1,0x74c233,3,4,5,1,452885,452985,100,15,RECEIVED
31b739_3_0_0,0x31b739,4,3,0,0,453005,453285,280,6,RECEIVED
7ba13e_4_0_1,0x7ba13e,5,4,0,1,453175,453545,370,7,RECEIVED
102f29_1_5_1,0x102f29,6,1,5,1,453415,453605,190,12,RECEIVED
75f716_3_0_1,0x75f716,7,3,0,1,453615,453895,280,6,RECEIVED
2e25b9_4_0_0,0x2e25b9,8,4,0,0,453735,454085,350,7,RECEIVED
4918df_0_3_0,0x4918df,9,0,3,0,453995,454215,220,2,RECEIVED
a9364_3_5_0,0xa9364,10,3,5,0,454205,454215,10,14,RECEIVED
41e5c2_0_2_1,0x41e5c2,11,0,2,1,454385,454735,350,1,RECEIVED
792917_5_1_1,0x792917,12,5,1,1,454475,454785,310,8,RECEIVED
23a51f_0_1_1,0x23a51f,13,0,1,1,454765,455205,440,0,RECEIVED
5fb7ed_1_5_0,0x5fb7ed,14,1,5,0,454955,455145,190,12,RECEIVED
180a2f_5_4_0,0x180a2f,15,5,4,0,455165,455265,100,11,RECEIVED
7195bb_3_5_1,0x7195bb,0,3,5,1,455255,455265,10,14,RECEIVED
695568_1_5_0,0x695568,1,1,5,0,455515,455705,190,12,RECEIVED
7b3e5b_0_2_1,0x7b3e5b,2,0,2,1,455775,456145,370,1,RECEIVED
3cc104_0_1_1,0x3cc104,3,0,1,1,455955,456415,460,0,RECEIVED
7794f2_1_5_1,0x7794f2,4,1,5,1,456165,456355,190,12,RECEIVED
662d71_3_5_0,0x662d71,5,3,5,0,456365,456375,10,14,RECEIVED
632bb5_2_0_1,0x632bb5,6,2,0,1,456645,456975,330,5,RECEIVED
62cb5e_1_0_0,0x62cb5e,7,1,0,0,456895,457235,340,4,RECEIVED
480886_4_5_1,0x480886,8,4,5,1,457115,457215,100,15,RECEIVED
2470c7_5_4_1,0x2470c7,9,5,4,1,457225,457325,100,11,RECEIVED
31ae4e_4_5_1,0x31ae4e,10,4,5,1,457515,457615,100,15,RECEIVED
202360_0_4_1,0x202360,11,0,4,1,457665,457855,190,3,RECEIVED
8003c_5_1_1,0x8003c,12,5,1,1,457825,458195,370,8,RECEIVED
516011_5_2_0,0x516011,13,5,2,0,458085,458345,260,9,RECEIVED
423fe2_0_4_1,0x423fe2,14,0,4,1,458235,458425,190,3,RECEIVED
2197ed_0_3_0,0x2197ed,15,0,3,0,458435,458595,160,2,RECEIVED
312b61_5_2_1,0x312b61,0,5,2,1,458565,458785,220,9,RECEIVED
2ecc2a_1_0_1,0x2ecc2a,1,1,0,1,458665,459085,420,4,RECEIVED
705378_0_3_1,0x705378,2,0,3,1,458795,459075,280,2,RECEIVED
557828_1_5_1,0x557828,3,1,5,1,459025,459215,190,12,RECEIVED
3a4937_5_1_1,0x3a4937,4,5,1,1,459195,459565,370,8,RECEIVED
4e9b28_0_3_0,0x4e9b28,5,0,3,0,459315,459535,220,2,RECEIVED
6ac1a5_5_4_0,0x6ac1a5,6,5,4,0,459575,459675,100,11,RECEIVED
ee2d7_5_1_0,0xee2d7,7,5,1,0,459865,460215,350,8,RECEIVED
3bb2a7_5_4_0,0x3bb2a7,8,5,4,0,460085,460185,100,11,RECEIVED
5db39a_5_1_0,0x5db39a,9,5,1,0,460235,460605,370,8,RECEIVED
45b0fa_5_4_1,0x45b0fa,10,5,4,1,460445,460545,100,11,RECEIVED
3ce525_0_4_1,0x3ce525,11,0,4,1,460655,460845,190,3,RECEIVED
11cf1e_4_0_0,0x11cf1e,12,4,0,0,460865,461235,370,7,RECEIVED
2ddff0_5_4_0,0x2ddff0,13,5,4,0,460975,461075,100,11,RECEIVED
1d0d84_2_5_0,0x1d0d84,14,2,5,0,461205,461305,100,13,RECEIVED
4da0bd_5_2_1,0x4da0bd,15,5,2,1,461385,461665,280,9,RECEIVED
2b547b_1_0_0,0x2b547b,0,1,0,0,461615,462015,400,4,RECEIVED
258524_5_2_1,0x258524,1,5,2,1,461715,461995,280,9,RECEIVED
1b1799_2_5_0,0x1b1799,2,2,5,0,461845,461945,100,13,RECEIVED
2646ee_2_0_1,0x2646ee,3,2,0,1,462125,462455,330,5,RECEIVED
7aa5a6_5_3_0,0x7aa5a6,4,5,3,0,462415,462585,170,10,RECEIVED
45ef8_3_0_0,0x45ef8,5,3,0,0,462685,462965,280,6,RECEIVED
386f09_5_3_0,0x386f09,6,5,3,0,462955,463145,190,10,RECEIVED
e4e26_3_5_0,0xe4e26,7,3,5,0,463175,463185,10,14,RECEIVED
141201_3_0_1,0x141201,8,3,0,1,463265,463625,360,6,RECEIVED
3099a4_1_5_0,0x3099a4,9,1,5,0,463415,463695,280,12,RECEIVED
2ad82e_2_0_1,0x2ad82e,10,2,0,1,463525,463965,440,5,RECEIVED
3c490e_0_3_0,0x3c490e,11,0,3,0,463655,463915,260,2,RECEIVED
32dcd4_0_2_1,0x32dcd4,12,0,2,1,463875,464315,440,1,RECEIVED
2f3ad4_0_4_1,0x2f3ad4,13,0,4,1,464005,464285,280,3,RECEIVED
233905_3_5_1,0x233905,14,3,5,1,464265,464365,100,14,RECEIVED
233a2f_3_5_0,0x233a2f,15,3,5,0,464455,464555,100,14,RECEIVED
41d7f_0_2_0,0x41d7f,0,0,2,0,464635,464915,280,1,RECEIVED
1dd0ed_1_0_0,0x1dd0ed,1,1,0,0,464865,465235,370,4,RECEIVED
75c8_5_4_1,0x75c8,2,5,4,1,465105,465115,10,11,RECEIVED
8266d_3_5_0,0x8266d,3,3,5,0,465275,465375,100,14,RECEIVED
511351_2_0_0,0x511351,4,2,0,0,465435,465895,460,5,RECEIVED
2742c0_1_0_1,0x2742c0,5,1,0,1,465635,466145,510,4,RECEIVED
4d2c49_5_3_0,0x4d2c49,6,5,3,0,465855,465955,100,10,RECEIVED
ed6b2_4_5_0,0xed6b2,7,4,5,0,465995,466005,10,15,RECEIVED
25d513_3_5_0,0x25d513,8,3,5,0,466175,466275,100,14,RECEIVED
210f1d_3_0_0,0x210f1d,9,3,0,0,466375,466745,370,6,RECEIVED
321115_3_5_1,0x321115,10,3,5,1,466665,466765,100,14,RECEIVED
3690e3_0_3_1,0x3690e3,11,0,3,1,466925,467295,370,2,RECEIVED
6fc3e1_5_1_0,0x6fc3e1,12,5,1,0,467215,467495,280,8,RECEIVED
6f1d19_2_0_1,0x6f1d19,13,2,0,1,467345,467745,400,5,RECEIVED
5edb22_0_4_0,0x5edb22,14,0,4,0,467615,467895,280,3,RECEIVED
47184a_5_3_1,0x47184a,15,5,3,1,467885,467985,100,10,RECEIVED
4b6e00_4_5_0,0x4b6e00,0,4,5,0,468125,468135,10,15,RECEIVED
1d203f_1_0_1,0x1d203f,1,1,0,1,468275,468825,550,4,RECEIVED
788cc8_4_5_1,0x788cc8,2,4,5,1,468435,468445,10,15,RECEIVED
3a9c68_4_0_0,0x3a9c68,3,4,0,0,468695,468975,280,7,RECEIVED
244353_5_1_1,0x244353,4,5,1,1,468795,469075,280,8,RECEIVED
120019_0_1_0,0x120019,5,0,1,0,468955,469385,430,0,RECEIVED
42e5dc_0_2_0,0x42e5dc,6,0,2,0,469195,469535,340,1,RECEIVED
8ba80_2_0_1,0x8ba80,7,2,0,1,469335,469755,420,5,RECEIVED
123f43_5_4_1,0x123f43,8,5,4,1,469465,469475,10,11,RECEIVED
648e96_5_2_1,0x648e96,9,5,2,1,469735,469925,190,9,RECEIVED
624146_3_0_0,0x624146,10,3,0,0,469995,470365,370,6,RECEIVED
783eab_1_0_1,0x783eab,11,1,0,1,470205,470715,510,4,RECEIVED
64d181_0_3_1,0x64d181,12,0,3,1,470425,470795,370,2,RECEIVED
2ef566_1_0_0,0x2ef566,13,1,0,0,470545,470975,430,4,RECEIVED
224c11_2_5_0,0x224c11,14,2,5,0,470835,471025,190,13,RECEIVED
1c17a5_1_0_1,0x1c17a5,15,1,0,1,470925,471465,540,4,RECEIVED
7eb074_0_3_0,0x7eb074,0,0,3,0,471195,471445,250,2,RECEIVED
5c68a4_4_5_0,0x5c68a4,1,4,5,0,471485,471495,10,15,RECEIVED
4b372_1_0_0,0x4b372,2,1,0,0,471665,472155,490,4,RECEIVED
215583_2_0_0,0x215583,3,2,0,0,471775,472235,460,5,RECEIVED
39d1ea_3_5_0,0x39d1ea,4,3,5,0,471945,472045,100,14,RECEIVED
640843_3_0_1,0x640843,5,3,0,1,472065,472375,310,6,RECEIVED
77f482_5_1_1,0x77f482,6,5,1,1,472225,472505,280,8,RECEIVED
5fc5b_1_0_0,0x5fc5b,7,1,0,0,472345,472835,490,4,RECEIVED
908a2_0_3_1,0x908a2,8,0,3,1,472525,472875,350,2,RECEIVED
2ce06f_4_0_1,0x2ce06f,9,4,0,1,472725,473005,280,7,RECEIVED
69cd94_3_0_1,0x69cd94,10,3,0,1,472815,473165,350,6,RECEIVED
164d41_1_5_1,0x164d41,11,1,5,1,473005,473285,280,12,RECEIVED
bbfda_3_0_0,0xbbfda,12,3,0,0,473265,473575,310,6,RECEIVED
24821_0_2_0,0x24821,13,0,2,0,473495,473775,280,1,RECEIVED
6c274a_4_5_0,0x6c274a,14,4,5,0,473745,473755,10,15,RECEIVED
148ceb_4_0_0,0x148ceb,15,4,0,0,474015,474295,280,7,RECEIVED
54aeca_0_3_0,0x54aeca,0,0,3,0,474285,474535,250,2,RECEIVED
320344_5_3_0,0x320344,1,5,3,0,474545,474645,100,10,RECEIVED
cab0d_0_2_1,0xcab0d,2,0,2,1,474655,475075,420,1,RECEIVED
3bf122_5_1_0,0x3bf122,3,5,1,0,474805,475085,280,8,RECEIVED
297649_3_0_0,0x297649,4,3,0,0,474965,475335,370,6,RECEIVED
71569d_5_4_0,0x71569d,5,5,4,0,475065,475075,10,11,RECEIVED
4694e6_5_2_1,0x4694e6,6,5,2,1,475325,475515,190,9,RECEIVED
737413_0_3_1,0x737413,7,0,3,1,475495,475865,370,2,RECEIVED
25d0c2_5_4_0,0x25d0c2,8,5,4,0,475735,475745,10,11,RECEIVED
735e8d_3_0_1,0x735e8d,9,3,0,1,475855,476165,310,6,RECEIVED
7b8064_0_2_1,0x7b8064,10,0,2,1,476025,476485,460,1,RECEIVED
53f5b2_1_5_0,0x53f5b2,11,1,5,0,476145,476425,280,12,RECEIVED
6e167f_1_5_1,0x6e167f,12,1,5,1,476365,476645,280,12,RECEIVED
70ca80_3_5_1,0x70ca80,13,3,5,1,476465,476565,100,14,RECEIVED
7c7b75_5_1_0,0x7c7b75,14,5,1,0,476585,476865,280,8,RECEIVED
22463a_3_5_0,0x22463a,15,3,5,0,476775,476875,100,14,RECEIVED
18fa8_2_0_0,0x18fa8,0,2,0,0,476875,477275,400,5,RECEIVED
7b80f0_4_5_0,0x7b80f0,1,4,5,0,477145,477155,10,15,RECEIVED
4b662c_2_5_1,0x4b662c,2,2,5,1,477335,477525,190,13,RECEIVED
7b4a03_4_5_1,0x7b4a03,3,4,5,1,477605,477615,10,15,RECEIVED
4df3ab_0_4_0,0x4df3ab,4,0,4,0,477695,477975,280,3,RECEIVED
14f530_1_5_1,0x14f530,5,1,5,1,477855,478135,280,12,RECEIVED
64006b_0_1_1,0x64006b,6,0,1,1,478005,478485,480,0,RECEIVED
24f5e3_5_3_0,0x24f5e3,7,5,3,0,478095,478195,100,10,RECEIVED
29797d_5_1_0,0x29797d,8,5,1,0,478555,478735,180,8,RECEIVED
35cf80_0_3_0,0x35cf80,9,0,3,0,478725,478835,110,2,RECEIVED
6e6002_2_5_0,0x6e6002,10,2,5,0,478845,479115,270,13,RECEIVED
2ae24f_0_4_0,0x2ae24f,11,0,4,0,479085,479365,280,3,RECEIVED
4aaac4_1_0_1,0x4aaac4,12,1,0,1,479205,479215,10,4,RECEIVED
84213_0_2_0,0x84213,13,0,2,0,479455,479555,100,1,RECEIVED
fd62c_5_4_0,0xfd62c,14,5,4,0,479725,480185,460,11,RECEIVED
7dd1d0_3_5_0,0x7dd1d0,15,3,5,0,479945,480405,460,14,RECEIVED
683eb2_5_2_1,0x683eb2,0,5,2,1,480235,480565,330,9,RECEIVED
706ada_5_4_0,0x706ada,1,5,4,0,480345,480895,550,11,RECEIVED
659b41_0_3_1,0x659b41,2,0,3,1,480475,480665,190,2,RECEIVED
22daf3_0_2_0,0x22daf3,3,0,2,0,480585,480685,100,1,RECEIVED
694de9_5_4_1,0x694de9,4,5,4,1,480805,481295,490,11,RECEIVED
5f1db0_1_0_0,0x5f1db0,5,1,0,0,481055,481065,10,4,RECEIVED
70e88d_5_4_1,0x70e88d,6,5,4,1,481225,481775,550,11,RECEIVED
d6ab_0_4_0,0xd6ab,7,0,4,0,481375,481655,280,3,RECEIVED
44c5d3_0_4_0,0x44c5d3,8,0,4,0,481485,481765,280,3,RECEIVED
aff89_5_4_0,0xaff89,9,5,4,0,481645,482135,490,11,RECEIVED
1d5f9a_2_5_1,0x1d5f9a,10,2,5,1,481895,482125,230,13,RECEIVED
77c92d_4_5_0,0x77c92d,11,4,5,0,482045,482535,490,15,RECEIVED
7f2a7b_2_0_1,0x7f2a7b,12,2,0,1,482315,482415,100,5,RECEIVED
318f2d_3_0_0,0x318f2d,13,3,0,0,482415,482605,190,6,RECEIVED
5a2d4b_5_4_1,0x5a2d4b,14,5,4,1,482605,483135,530,11,RECEIVED
6a1f95_4_0_1,0x6a1f95,15,4,0,1,482815,483095,280,7,RECEIVED
5360dd_1_0_0,0x5360dd,0,1,0,0,483095,483105,10,4,RECEIVED
2b3417_5_3_1,0x2b3417,1,5,3,1,483285,483745,460,10,RECEIVED
2995e9_5_4_0,0x2995e9,2,5,4,0,483465,483955,490,11,RECEIVED
f0fca_0_3_0,0xf0fca,3,0,3,0,483625,483815,190,2,RECEIVED
d714b_5_1_1,0xd714b,4,5,1,1,483885,484165,280,8,RECEIVED
29b40a_4_5_1,0x29b40a,5,4,5,1,484025,484555,530,15,RECEIVED
318d3d_0_4_0,0x318d3d,6,0,4,0,484115,484395,280,3,RECEIVED
109e70_5_3_1,0x109e70,7,5,3,1,484275,484735,460,10,RECEIVED
f916_2_0_0,0xf916,8,2,0,0,484425,484525,100,5,RECEIVED
2c899c_2_0_1,0x2c899c,9,2,0,1,484605,484705,100,5,RECEIVED
5365d7_3_0_0,0x5365d7,10,3,0,0,484805,484995,190,6,RECEIVED
1bbd2_5_1_1,0x1bbd2,11,5,1,1,484975,485255,280,8,RECEIVED
7f707d_0_2_1,0x7f707d,12,0,2,1,485185,485285,100,1,RECEIVED
6a1e8d_0_4_0,0x6a1e8d,13,0,4,0,485405,485685,280,3,RECEIVED
b6b6a_0_4_1,0xb6b6a,14,0,4,1,485665,485945,280,3,RECEIVED
365856_1_5_1,0x365856,15,1,5,1,485855,486135,280,12,RECEIVED
91054_5_2_0,0x91054,0,5,2,0,486075,486305,230,9,RECEIVED
5d2067_0_2_0,0x5d2067,1,0,2,0,486295,486395,100,1,RECEIVED
eb9e_4_0_1,0xeb9e,2,4,0,1,486565,486845,280,7,RECEIVED
39c811_5_4_0,0x39c811,3,5,4,0,486785,487275,490,11,RECEIVED
55fe82_0_2_0,0x55fe82,4,0,2,0,487055,487155,100,1,RECEIVED
7b484b_0_1_0,0x7b484b,5,0,1,0,487195,487205,10,0,RECEIVED
13da5b_3_5_1,0x13da5b,6,3,5,1,487425,487805,380,14,RECEIVED
384610_5_3_1,0x384610,7,5,3,1,487715,488155,440,10,RECEIVED
514f87_4_0_0,0x514f87,8,4,0,0,487875,488155,280,7,RECEIVED
3a385e_0_3_0,0x3a385e,9,0,3,0,488005,488195,190,2,RECEIVED
36d21b_0_2_0,0x36d21b,10,0,2,0,488255,488265,10,1,RECEIVED
39a09b_5_3_0,0x39a09b,11,5,3,0,488535,488725,190,10,RECEIVED
21bd30_5_3_0,0x21bd30,12,5,3,0,488685,489055,370,10,RECEIVED
37d830_2_5_0,0x37d830,13,2,5,0,488965,489245,280,13,RECEIVED
d004f_1_0_0,0xd004f,14,1,0,0,489085,489175,90,4,RECEIVED
34ba79_0_1_0,0x34ba79,15,0,1,0,489335,489435,100,0,RECEIVED
4f1d88_2_5_0,0x4f1d88,0,2,5,0,489595,489875,280,13,RECEIVED
7ef63f_5_1_0,0x7ef63f,1,5,1,0,489865,490235,370,8,RECEIVED
296561_3_0_0,0x296561,2,3,0,0,490035,490315,280,6,RECEIVED
11aa32_2_0_0,0x11aa32,3,2,0,0,490125,490325,200,5,RECEIVED
278771_1_0_1,0x278771,4,1,0,1,490265,490365,100,4,RECEIVED
7ef5c7_1_5_0,0x7ef5c7,5,1,5,0,490455,490645,190,12,RECEIVED
33e330_3_0_1,0x33e330,6,3,0,1,490645,490805,160,6,RECEIVED
5e1dde_0_4_1,0x5e1dde,7,0,4,1,490915,491105,190,3,RECEIVED
77c310_3_0_0,0x77c310,8,3,0,0,491135,491395,260,6,RECEIVED
26749a_3_5_0,0x26749a,9,3,5,0,491285,491595,310,14,RECEIVED
5e2ec3_5_3_1,0x5e2ec3,10,5,3,1,491565,491855,290,10,RECEIVED
bd9d9_0_1_0,0xbd9d9,11,0,1,0,491695,491795,100,0,RECEIVED
66cc14_3_5_0,0x66cc14,12,3,5,0,491915,492285,370,14,RECEIVED
4f10c4_1_5_1,0x4f10c4,13,1,5,1,492065,492255,190,12,RECEIVED
72ad24_4_5_1,0x72ad24,14,4,5,1,492155,492595,440,15,RECEIVED
595853_3_5_1,0x595853,15,3,5,1,492365,492695,330,14,RECEIVED
2fd5f5_0_3_1,0x2fd5f5,0,0,3,1,492575,492675,100,2,RECEIVED
10cd52_0_1_1,0x10cd52,1,0,1,1,492785,492885,100,0,RECEIVED
29a7df_5_3_1,0x29a7df,2,5,3,1,493025,493395,370,10,RECEIVED
1bc32_1_0_1,0x1bc32,3,1,0,1,493145,493245,100,4,RECEIVED
369f95_5_4_1,0x369f95,4,5,4,1,493295,493755,460,11,RECEIVED
4664e1_5_4_1,0x4664e1,5,5,4,1,493405,493865,460,11,RECEIVED
56d1dd_5_4_1,0x56d1dd,6,5,4,1,493635,494095,460,11,RECEIVED
3c3c67_5_2_1,0x3c3c67,7,5,2,1,493725,494015,290,9,RECEIVED
34a2c2_5_3_1,0x34a2c2,8,5,3,1,493845,494215,370,10,RECEIVED
17e21c_0_4_1,0x17e21c,9,0,4,1,493975,494165,190,3,RECEIVED
68aa77_0_3_0,0x68aa77,10,0,3,0,494095,494195,100,2,RECEIVED
bb6cd_4_5_0,0xbb6cd,11,4,5,0,494295,494635,340,15,RECEIVED
205f8e_5_4_0,0x205f8e,12,5,4,0,494525,494985,460,11,RECEIVED
794dfa_1_0_1,0x794dfa,13,1,0,1,494725,494825,100,4,RECEIVED
23c24a_5_4_1,0x23c24a,14,5,4,1,494875,495315,440,11,RECEIVED
785fcc_5_3_1,0x785fcc,15,5,3,1,495135,495505,370,10,RECEIVED
299870_4_5_0,0x299870,0,4,5,0,495285,495685,400,15,RECEIVED
47bec5_0_3_0,0x47bec5,1,0,3,0,495555,495655,100,2,RECEIVED
6c9907_1_0_0,0x6c9907,2,1,0,0,495755,495935,180,4,RECEIVED
5e4b9c_5_1_0,0x5e4b9c,3,5,1,0,495965,496425,460,8,RECEIVED
494788_1_0_0,0x494788,4,1,0,0,496145,496335,190,4,RECEIVED
130c4f_0_4_0,0x130c4f,5,0,4,0,496245,496345,100,3,RECEIVED
5ab7b0_0_1_0,0x5ab7b0,6,0,1,0,496485,496675,190,0,RECEIVED
6a6cf1_0_4_1,0x6a6cf1,7,0,4,1,496715,496815,100,3,RECEIVED
8e3a9_2_0_1,0x8e3a9,8,2,0,1,496865,497025,160,5,RECEIVED
25caf7_4_5_1,0x25caf7,9,4,5,1,497025,497255,230,15,RECEIVED
53a443_0_3_1,0x53a443,10,0,3,1,497305,497315,10,2,RECEIVED
71473b_1_0_0,0x71473b,11,1,0,0,497425,497615,190,4,RECEIVED
146832_0_3_1,0x146832,12,0,3,1,497595,497605,10,2,RECEIVED
3d7e58_4_0_1,0x3d7e58,13,4,0,1,497815,498155,340,7,RECEIVED
72fe43_5_3_0,0x72fe43,14,5,3,0,497945,498225,280,10,RECEIVED
472c06_4_0_1,0x472c06,15,4,0,1,498125,498585,460,7,RECEIVED
5e8029_5_3_0,0x5e8029,0,5,3,0,498285,498565,280,10,RECEIVED
281bed_3_0_0,0x281bed,1,3,0,0,498555,498905,350,6,RECEIVED
717cbb_5_1_0,0x717cbb,2,5,1,0,498745,499185,440,8,RECEIVED
793851_3_0_0,0x793851,3,3,0,0,498995,499365,370,6,RECEIVED
3a3dd6_1_0_1,0x3a3dd6,4,1,0,1,499175,499365,190,4,RECEIVED
50cffd_5_2_0,0x50cffd,5,5,2,0,499365,499695,330,9,RECEIVED
7dd0ce_2_5_1,0x7dd0ce,6,2,5,1,499465,499565,100,13,RECEIVED
51278b_5_2_0,0x51278b,7,5,2,0,499575,500025,450,9,RECEIVED
16f8ef_2_0_0,0x16f8ef,8,2,0,0,499675,500045,370,5,RECEIVED
228584_0_1_0,0x228584,9,0,1,0,499955,500235,280,0,RECEIVED
52d776_1_0_0,0x52d776,10,1,0,0,500115,500395,280,4,RECEIVED
7941eb_5_4_0,0x7941eb,11,5,4,0,500355,500575,220,11,RECEIVED
4796b1_2_0_1,0x4796b1,12,2,0,1,500595,500785,190,5,RECEIVED
2847d6_5_3_1,0x2847d6,13,5,3,1,500785,501095,310,10,RECEIVED
7ab855_3_0_0,0x7ab855,14,3,0,0,500895,501335,440,6,RECEIVED
69e80f_5_3_0,0x69e80f,15,5,3,0,501155,501485,330,10,RECEIVED
914f_5_3_1,0x914f,0,5,3,1,501245,501555,310,10,RECEIVED
77842a_3_5_0,0x77842a,1,3,5,0,501405,501595,190,14,RECEIVED
224f39_0_1_1,0x224f39,2,0,1,1,501495,501775,280,0,RECEIVED
5f2aaf_4_0_1,0x5f2aaf,3,4,0,1,501765,502195,430,7,RECEIVED
36e624_0_3_1,0x36e624,4,0,3,1,501975,502075,100,2,RECEIVED
150417_3_0_0,0x150417,5,3,0,0,502185,502645,460,6,RECEIVED
72c383_2_5_0,0x72c383,6,2,5,0,502405,502505,100,13,RECEIVED
333457_0_3_0,0x333457,7,0,3,0,502625,502725,100,2,RECEIVED
c137d_4_0_1,0xc137d,8,4,0,1,502715,503265,550,7,RECEIVED
10a4d0_5_1_1,0x10a4d0,9,5,1,1,502855,503405,550,8,RECEIVED
62e4de_0_3_1,0x62e4de,10,0,3,1,502975,503085,110,2,RECEIVED
60c3d9_0_3_0,0x60c3d9,11,0,3,0,503185,503375,190,2,RECEIVED
38221_1_0_1,0x38221,12,1,0,1,503425,503435,10,4,RECEIVED
5c38cd_3_5_1,0x5c38cd,13,3,5,1,503515,503915,400,14,RECEIVED
46dc5b_5_4_0,0x46dc5b,14,5,4,0,503705,504145,440,11,RECEIVED
563c5b_4_0_0,0x563c5b,15,4,0,0,503865,504125,260,7,RECEIVED
3289ce_3_0_1,0x3289ce,0,3,0,1,504085,504275,190,6,RECEIVED
171fd1_5_1_0,0x171fd1,1,5,1,0,504185,504465,280,8,RECEIVED
86b70_5_2_1,0x86b70,2,5,2,1,504365,504695,330,9,RECEIVED
2137b8_1_0_0,0x2137b8,3,1,0,0,504635,504645,10,4,RECEIVED
5d9536_1_0_0,0x5d9536,4,1,0,0,504795,504805,10,4,RECEIVED
32ec37_1_5_1,0x32ec37,5,1,5,1,504995,505275,280,12,RECEIVED
76d41_3_5_1,0x76d41,6,3,5,1,505115,505555,440,14,RECEIVED
16131c_1_0_0,0x16131c,7,1,0,0,505385,505395,10,4,RECEIVED
53f237_4_0_0,0x53f237,8,4,0,0,505515,505795,280,7,RECEIVED
1d4941_1_0_1,0x1d4941,9,1,0,1,505725,505735,10,4,RECEIVED
68cb24_4_0_0,0x68cb24,10,4,0,0,505855,506135,280,7,RECEIVED
65fd6b_1_0_1,0x65fd6b,11,1,0,1,506055,506065,10,4,RECEIVED
2002ab_1_5_0,0x2002ab,12,1,5,0,506215,506495,280,12,RECEIVED
68fd3d_2_0_0,0x68fd3d,13,2,0,0,506335,506435,100,5,RECEIVED
10fe47_5_2_1,0x10fe47,14,5,2,1,506475,506845,370,9,RECEIVED
7f102c_2_0_0,0x7f102c,15,2,0,0,506735,506835,100,5,RECEIVED
736f21_5_4_1,0x736f21,0,5,4,1,506865,507355,490,11,RECEIVED
4af2bc_0_3_1,0x4af2bc,1,0,3,1,507125,507315,190,2,RECEIVED
fb244_5_3_0,0xfb244,2,5,3,0,507375,507715,340,10,RECEIVED
6e82f5_4_5_0,0x6e82f5,3,4,5,0,507565,507995,430,15,RECEIVED
63b602_0_2_1,0x63b602,4,0,2,1,507775,507875,100,1,RECEIVED
648fe8_5_2_0,0x648fe8,5,5,2,0,508055,508285,230,9,RECEIVED
2e12d3_4_5_0,0x2e12d3,6,4,5,0,508305,508855,550,15,RECEIVED
43517a_4_5_1,0x43517a,7,4,5,1,508435,508935,500,15,RECEIVED
180566_1_0_0,0x180566,8,1,0,0,508685,508735,50,4,RECEIVED
6f88ef_5_4_0,0x6f88ef,9,5,4,0,508925,509265,340,11,RECEIVED
267032_5_4_0,0x267032,10,5,4,0,509025,509485,460,11,RECEIVED
2a9712_4_0_0,0x2a9712,11,4,0,0,509205,509395,190,7,RECEIVED
2afeb3_2_5_0,0x2afeb3,12,2,5,0,509445,509725,280,13,RECEIVED
7d0604_1_0_0,0x7d0604,13,1,0,0,509575,509675,100,4,RECEIVED
7095a0_1_5_0,0x7095a0,14,1,5,0,509685,510035,350,12,RECEIVED
1efb40_1_5_1,0x1efb40,15,1,5,1,509785,510095,310,12,RECEIVED
2797d_5_3_1,0x2797d,0,5,3,1,509885,510255,370,10,RECEIVED
20cb0f_1_5_0,0x20cb0f,1,1,5,0,510145,510495,350,12,RECEIVED
66dc06_2_5_0,0x66dc06,2,2,5,0,510255,510535,280,13,RECEIVED
35d58_2_0_0,0x35d58,3,2,0,0,510365,510375,10,5,RECEIVED
6c59cd_5_3_1,0x6c59cd,4,5,3,1,510485,510855,370,10,RECEIVED
42f23f_5_1_0,0x42f23f,5,5,1,0,510695,510885,190,8,RECEIVED
5bbcf1_0_3_0,0x5bbcf1,6,0,3,0,510905,511165,260,2,RECEIVED
74b58b_0_4_0,0x74b58b,7,0,4,0,511105,511475,370,3,RECEIVED
6080cc_0_4_1,0x6080cc,8,0,4,1,511345,511595,250,3,RECEIVED
5b9df2_0_3_0,0x5b9df2,9,0,3,0,511485,511745,260,2,RECEIVED
469ca0_2_5_0,0x469ca0,10,2,5,0,511585,511865,280,13,RECEIVED
3aeaed_5_2_0,0x3aeaed,11,5,2,0,511835,512055,220,9,RECEIVED
792153_0_4_1,0x792153,12,0,4,1,512015,512325,310,3,RECEIVED
6d68ff_0_3_0,0x6d68ff,13,0,3,0,512115,512375,260,2,RECEIVED
43543a_4_5_0,0x43543a,14,4,5,0,512285,512745,460,15,RECEIVED
34699f_4_5_0,0x34699f,15,4,5,0,512505,512965,460,15,RECEIVED
49744a_0_1_0,0x49744a,0,0,1,0,512635,512735,100,0,RECEIVED
3fd2f0_5_3_1,0x3fd2f0,1,5,3,1,512765,513115,350,10,RECEIVED
52fb86_2_0_0,0x52fb86,2,2,0,0,513025,513035,10,5,RECEIVED
1239f3_3_0_0,0x1239f3,3,3,0,0,513265,513365,100,6,RECEIVED
56540f_5_1_1,0x56540f,4,5,1,1,513525,513715,190,8,RECEIVED
4f5af9_0_4_0,0x4f5af9,5,0,4,0,513735,514085,350,3,RECEIVED
76b75b_4_5_1,0x76b75b,6,4,5,1,513955,514395,440,15,RECEIVED
46a203_5_4_0,0x46a203,7,5,4,0,514205,514605,400,11,RECEIVED
4122c5_5_4_0,0x4122c5,8,5,4,0,514465,514925,460,11,RECEIVED
2531e_4_5_1,0x2531e,9,4,5,1,514675,515115,440,15,RECEIVED
459db_5_2_1,0x459db,10,5,2,1,514965,515245,280,9,RECEIVED
73366d_5_3_1,0x73366d,11,5,3,1,515065,515435,370,10,RECEIVED
4d2748_5_3_1,0x4d2748,12,5,3,1,515195,515565,370,10,RECEIVED
348f39_1_0_1,0x348f39,13,1,0,1,515455,515555,100,4,RECEIVED
20a5e1_2_5_0,0x20a5e1,14,2,5,0,515645,515925,280,13,RECEIVED
77f838_5_1_0,0x77f838,15,5,1,0,515805,515995,190,8,RECEIVED
540248_2_0_1,0x540248,0,2,0,1,515895,515905,10,5,RECEIVED
3c1997_5_3_0,0x3c1997,1,5,3,0,516115,516425,310,10,RECEIVED
25d3b8_5_3_0,0x25d3b8,2,5,3,0,516385,516755,370,10,RECEIVED
4fa4bb_0_2_0,0x4fa4bb,3,0,2,0,516645,516815,170,1,RECEIVED
5391bb_3_5_1,0x5391bb,4,3,5,1,516855,517165,310,14,RECEIVED
4e4c01_0_4_0,0x4e4c01,5,0,4,0,516985,517355,370,3,RECEIVED
1d80d1_4_5_1,0x1d80d1,6,4,5,1,517115,517555,440,15,RECEIVED
23fb65_0_1_0,0x23fb65,7,0,1,0,517325,517425,100,0,RECEIVED
49ec95_1_5_1,0x49ec95,8,1,5,1,517565,517755,190,12,RECEIVED
44701_1_0_0,0x44701,9,1,0,0,517775,517875,100,4,RECEIVED
29086f_0_1_0,0x29086f,10,0,1,0,517965,518105,140,0,RECEIVED
29f2b3_4_5_1,0x29f2b3,11,4,5,1,518235,518605,370,15,RECEIVED
2bb779_5_3_0,0x2bb779,12,5,3,0,518395,518615,220,10,RECEIVED
40da49_4_5_1,0x40da49,13,4,5,1,518605,518955,350,15,RECEIVED
3358c7_3_5_0,0x3358c7,14,3,5,0,518785,519065,280,14,RECEIVED
3f4b5a_3_0_0,0x3f4b5a,15,3,0,0,518995,519005,10,6,RECEIVED
45ef1f_1_0_0,0x45ef1f,0,1,0,0,519135,519325,190,4,RECEIVED
3e02f2_3_5_0,0x3e02f2,1,3,5,0,519245,519525,280,14,RECEIVED
7b881c_4_0_1,0x7b881c,2,4,0,1,519385,519485,100,7,RECEIVED
5fe802_0_3_0,0x5fe802,3,0,3,0,519625,519955,330,2,RECEIVED
e780a_5_3_0,0xe780a,4,5,3,0,519725,519945,220,10,RECEIVED
780aed_0_1_1,0x780aed,5,0,1,1,519985,520175,190,0,RECEIVED
34d7f6_0_4_0,0x34d7f6,6,0,4,0,520105,520525,420,3,RECEIVED
361a9e_1_0_0,0x361a9e,7,1,0,0,520215,520405,190,4,RECEIVED
1bc670_1_0_1,0x1bc670,8,1,0,1,520345,520535,190,4,RECEIVED
97eba_3_0_1,0x97eba,9,3,0,1,520595,520605,10,6,RECEIVED
288410_3_0_1,0x288410,10,3,0,1,520685,520695,10,6,RECEIVED
7d2112_1_5_1,0x7d2112,11,1,5,1,520955,521295,340,12,RECEIVED
2f8117_2_5_0,0x2f8117,12,2,5,0,521195,521565,370,13,RECEIVED
52a337_1_0_1,0x52a337,13,1,0,1,521445,521635,190,4,RECEIVED
6d368d_5_4_0,0x6d368d,14,5,4,0,521605,521915,310,11,RECEIVED
dc72_5_1_0,0xdc72,15,5,1,0,521855,521955,100,8,RECEIVED
4d8d13_5_2_1,0x4d8d13,0,5,2,1,521995,522185,190,9,RECEIVED
1a8420_5_4_0,0x1a8420,1,5,4,0,522245,522615,370,11,RECEIVED
aefe3_0_3_1,0xaefe3,2,0,3,1,522425,522795,370,2,RECEIVED
690a15_2_0_0,0x690a15,3,2,0,0,522615,522715,100,5,RECEIVED
1f2530_5_2_0,0x1f2530,4,5,2,0,522705,522835,130,9,RECEIVED
b2db_3_0_1,0xb2db,5,3,0,1,522895,522905,10,6,RECEIVED
5e6023_0_4_0,0x5e6023,6,0,4,0,523085,523525,440,3,RECEIVED
782a0d_2_0_0,0x782a0d,7,2,0,0,523305,523405,100,5,RECEIVED
434ca2_5_4_1,0x434ca2,8,5,4,1,523555,523775,220,11,RECEIVED
4c2519_4_5_1,0x4c2519,9,4,5,1,523835,524115,280,15,RECEIVED
60690f_1_0_1,0x60690f,10,1,0,1,524085,524315,230,4,RECEIVED
473026_0_4_1,0x473026,11,0,4,1,524235,524725,490,3,RECEIVED
70d182_5_3_0,0x70d182,12,5,3,0,524475,524665,190,10,RECEIVED
1f9286_5_2_0,0x1f9286,13,5,2,0,524765,524865,100,9,RECEIVED
6ed576_0_4_0,0x6ed576,14,0,4,0,525005,525515,510,3,RECEIVED
62a3bd_0_1_0,0x62a3bd,15,0,1,0,525155,525435,280,0,RECEIVED
67dbb7_4_0_0,0x67dbb7,0,4,0,0,525265,525275,10,7,RECEIVED
3ded4b_1_5_0,0x3ded4b,1,1,5,0,525375,525925,550,12,RECEIVED
79642f_0_2_1,0x79642f,2,0,2,1,525565,525935,370,1,RECEIVED
7bdb89_1_5_0,0x7bdb89,3,1,5,0,525665,526215,550,12,RECEIVED
1a8e02_2_0_0,0x1a8e02,4,2,0,0,525895,526085,190,5,RECEIVED
da258_3_0_0,0xda258,5,3,0,0,526045,526145,100,6,RECEIVED
676af2_1_5_0,0x676af2,6,1,5,0,526225,526775,550,12,RECEIVED
4def38_3_0_1,0x4def38,7,3,0,1,526515,526615,100,6,RECEIVED
262a9f_5_2_1,0x262a9f,8,5,2,1,526665,526765,100,9,RECEIVED
727308_3_0_1,0x727308,9,3,0,1,526895,526995,100,6,RECEIVED
6771e8_4_0_1,0x6771e8,10,4,0,1,527115,527125,10,7,RECEIVED
1cc14f_0_3_1,0x1cc14f,11,0,3,1,527395,527855,460,2,RECEIVED
7fb1f4_4_0_1,0x7fb1f4,12,4,0,1,527635,527645,10,7,RECEIVED
210463_3_0_1,0x210463,13,3,0,1,527835,527935,100,6,RECEIVED
7e8f26_1_5_1,0x7e8f26,14,1,5,1,527945,528435,490,12,RECEIVED
4a4951_4_5_0,0x4a4951,15,4,5,0,528065,528345,280,15,RECEIVED
7d20e8_0_1_0,0x7d20e8,0,0,1,0,528195,528475,280,0,RECEIVED
28dc7f_2_5_1,0x28dc7f,1,2,5,1,528465,528805,340,13,RECEIVED
18a6f7_5_2_0,0x18a6f7,2,5,2,0,528635,528735,100,9,RECEIVED
243234_2_5_0,0x243234,3,2,5,0,528905,529345,440,13,RECEIVED
190f30_5_2_0,0x190f30,4,5,2,0,529025,529125,100,9,RECEIVED
51a7e4_5_1_0,0x51a7e4,5,5,1,0,529305,529315,10,8,RECEIVED
f4d08_2_0_1,0xf4d08,6,2,0,1,529505,529695,190,5,RECEIVED
713374_1_0_0,0x713374,7,1,0,0,529645,529925,280,4,RECEIVED
5adba7_4_0_1,0x5adba7,8,4,0,1,529835,529845,10,7,RECEIVED
75b245_1_5_0,0x75b245,9,1,5,0,529985,530515,530,12,RECEIVED
88b74_2_5_1,0x88b74,10,2,5,1,530235,530635,400,13,RECEIVED
1cbe0e_5_1_0,0x1cbe0e,11,5,1,0,530415,530425,10,8,RECEIVED
46aade_5_3_1,0x46aade,12,5,3,1,530645,530835,190,10,RECEIVED
306a1e_5_4_1,0x306a1e,13,5,4,1,530925,531205,280,11,RECEIVED
23abdf_2_0_1,0x23abdf,14,2,0,1,531145,531335,190,5,RECEIVED
217fe5_0_3_0,0x217fe5,15,0,3,0,531245,531645,400,2,RECEIVED
28827e_3_0_1,0x28827e,0,3,0,1,531485,531585,100,6,RECEIVED
7df76e_1_0_0,0x7df76e,1,1,0,0,531715,531995,280,4,RECEIVED
4f2664_5_3_0,0x4f2664,2,5,3,0,531915,532105,190,10,RECEIVED
6814d7_4_5_0,0x6814d7,3,4,5,0,532125,532405,280,15,RECEIVED
281db7_3_0_1,0x281db7,4,3,0,1,532325,532425,100,6,RECEIVED
2b55c0_5_3_0,0x2b55c0,5,5,3,0,532565,532755,190,10,RECEIVED
7f5edf_0_4_0,0x7f5edf,6,0,4,0,532715,533245,530,3,RECEIVED
4185e1_2_5_0,0x4185e1,7,2,5,0,532895,533355,460,13,RECEIVED
376542_4_0_1,0x376542,8,4,0,1,533065,533075,10,7,RECEIVED
27ea3_4_5_0,0x27ea3,9,4,5,0,533175,533455,280,15,RECEIVED
51822b_1_5_0,0x51822b,10,1,5,0,533305,533855,550,12,RECEIVED
210159_2_5_1,0x210159,11,2,5,1,533455,533805,350,13,RECEIVED
3fbaef_2_0_1,0x3fbaef,12,2,0,1,533705,533895,190,5,RECEIVED
363d8a_0_1_1,0x363d8a,13,0,1,1,533945,534225,280,0,RECEIVED
bb421_1_5_0,0xbb421,14,1,5,0,534045,534575,530,12,RECEIVED
8a28a_5_1_0,0x8a28a,15,5,1,0,534245,534295,50,8,RECEIVED
60ba2_5_2_1,0x60ba2,0,5,2,1,534345,534355,10,9,RECEIVED
aab24_2_0_1,0xaab24,1,2,0,1,534585,534805,220,5,RECEIVED
1fa051_0_2_0,0x1fa051,2,0,2,0,534705,534965,260,1,RECEIVED
ca3d5_2_5_0,0xca3d5,3,2,5,0,534855,535225,370,13,RECEIVED
6eb7f7_3_5_1,0x6eb7f7,4,3,5,1,535045,535205,160,14,RECEIVED
648e2e_5_3_0,0x648e2e,5,5,3,0,535315,535415,100,10,RECEIVED
6edff2_1_0_1,0x6edff2,6,1,0,1,535565,535915,350,4,RECEIVED
267ace_5_3_1,0x267ace,7,5,3,1,535795,535895,100,10,RECEIVED
d8d46_0_3_0,0xd8d46,8,0,3,0,535985,536315,330,2,RECEIVED
4a8369_2_5_0,0x4a8369,9,2,5,0,536235,536585,350,13,RECEIVED
681ce1_4_5_1,0x681ce1,10,4,5,1,536525,536715,190,15,RECEIVED
5e9004_5_2_1,0x5e9004,11,5,2,1,536785,536795,10,9,RECEIVED
617156_0_4_0,0x617156,12,0,4,0,536965,537425,460,3,RECEIVED
187aa3_5_4_0,0x187aa3,13,5,4,0,537125,537315,190,11,RECEIVED
3d7119_0_1_0,0x3d7119,14,0,1,0,537355,537605,250,0,RECEIVED
1c5496_0_2_0,0x1c5496,15,0,2,0,537485,537765,280,1,RECEIVED
4a1200_0_2_0,0x4a1200,0,0,2,0,537775,538055,280,1,RECEIVED
61fd80_0_2_1,0x61fd80,1,0,2,1,537885,538165,280,1,RECEIVED
26b1ad_1_0_0,0x26b1ad,2,1,0,0,538025,538395,370,4,RECEIVED
3b9147_2_0_0,0x3b9147,3,2,0,0,538225,538505,280,5,RECEIVED
130ff3_0_4_1,0x130ff3,4,0,4,1,538505,538845,340,3,RECEIVED
4c701e_3_5_0,0x4c701e,5,3,5,0,538635,538915,280,14,RECEIVED
9b0f_3_0_1,0x9b0f,6,3,0,1,538825,538995,170,6,RECEIVED
695e64_4_5_0,0x695e64,7,4,5,0,539015,539205,190,15,RECEIVED
5266fc_0_1_1,0x5266fc,8,0,1,1,539205,539555,350,0,RECEIVED
43e787_0_1_1,0x43e787,9,0,1,1,539445,539815,370,0,RECEIVED
68cf5a_5_3_1,0x68cf5a,10,5,3,1,539705,539805,100,10,RECEIVED
2e1ff6_0_2_1,0x2e1ff6,11,0,2,1,539805,540085,280,1,RECEIVED
2c3900_4_0_1,0x2c3900,12,4,0,1,540055,540155,100,7,RECEIVED
77468c_3_5_1,0x77468c,13,3,5,1,540155,540315,160,14,RECEIVED
4111ef_0_1_1,0x4111ef,14,0,1,1,540365,540735,370,0,RECEIVED
334604_1_5_0,0x334604,15,1,5,0,540515,540935,420,12,RECEIVED
48bfdf_5_3_0,0x48bfdf,0,5,3,0,540785,540885,100,10,RECEIVED
4ad890_5_3_0,0x4ad890,1,5,3,0,541025,541125,100,10,RECEIVED
285a5b_4_5_1,0x285a5b,2,4,5,1,541235,541425,190,15,RECEIVED
34cca3_0_3_1,0x34cca3,3,0,3,1,541325,541695,370,2,RECEIVED
7a199_3_5_1,0x7a199,4,3,5,1,541435,541655,220,14,RECEIVED
1cdc1f_4_5_1,0x1cdc1f,5,4,5,1,541675,541865,190,15,RECEIVED
33f068_5_2_0,0x33f068,6,5,2,0,541805,541815,10,9,RECEIVED
4adfc9_4_5_0,0x4adfc9,7,4,5,0,542005,542195,190,15,RECEIVED
e2ad6_0_1_1,0xe2ad6,8,0,1,1,542295,542665,370,0,RECEIVED
2b82be_5_3_0,0x2b82be,9,5,3,0,542425,542525,100,10,RECEIVED
7a373e_2_0_1,0x7a373e,10,2,0,1,542665,542925,260,5,RECEIVED
6f7120_3_0_0,0x6f7120,11,3,0,0,542845,542975,130,6,RECEIVED
166dd8_2_5_1,0x166dd8,12,2,5,1,542935,543185,250,13,RECEIVED
60b6e0_5_2_1,0x60b6e0,13,5,2,1,543035,543045,10,9,RECEIVED
51806a_4_5_1,0x51806a,14,4,5,1,543185,543375,190,15,RECEIVED
348eb4_1_5_0,0x348eb4,15,1,5,0,543475,543895,420,12,RECEIVED
70bd98_5_2_0,0x70bd98,0,5,2,0,543765,543775,10,9,RECEIVED
2a6ca2_1_5_0,0x2a6ca2,1,1,5,0,544055,544515,460,12,RECEIVED
38bb6b_2_5_1,0x38bb6b,2,2,5,1,544305,544615,310,13,RECEIVED
423e0e_1_5_0,0x423e0e,3,1,5,0,544505,544945,440,12,RECEIVED
646101_5_3_1,0x646101,4,5,3,1,544715,544815,100,10,RECEIVED
1c565c_4_0_1,0x1c565c,5,4,0,1,544885,544985,100,7,RECEIVED
555ec2_0_2_0,0x555ec2,6,0,2,0,544975,545255,280,1,RECEIVED
68b962_0_2_1,0x68b962,7,0,2,1,545155,545435,280,1,RECEIVED
35f14c_0_2_0,0x35f14c,8,0,2,0,545335,545615,280,1,RECEIVED
66f0b4_0_2_1,0x66f0b4,9,0,2,1,545485,545765,280,1,RECEIVED
2f334e_1_5_1,0x2f334e,10,1,5,1,545765,546185,420,12,RECEIVED
7af09a_0_3_1,0x7af09a,11,0,3,1,545935,546115,180,2,RECEIVED
444b4e_1_0_1,0x444b4e,12,1,0,1,546085,546505,420,4,RECEIVED
2aae2_5_3_1,0x2aae2,13,5,3,1,546175,546185,10,10,RECEIVED
47b214_5_2_0,0x47b214,14,5,2,0,546365,546415,50,9,RECEIVED
205a85_0_4_0,0x205a85,15,0,4,0,546465,546815,350,3,RECEIVED
273b6c_5_4_0,0x273b6c,0,5,4,0,546695,546795,100,11,RECEIVED
5bc8cf_5_1_0,0x5bc8cf,1,5,1,0,546935,547125,190,8,RECEIVED
6baf6b_5_1_0,0x6baf6b,2,5,1,0,547175,547365,190,8,RECEIVED
569b98_2_0_0,0x569b98,3,2,0,0,547295,547605,310,5,RECEIVED
2b0a9f_5_3_1,0x2b0a9f,4,5,3,1,547405,547415,10,10,RECEIVED
3c5b4a_4_0_1,0x3c5b4a,5,4,0,1,547625,547815,190,7,RECEIVED
3ecd57_0_2_1,0x3ecd57,6,0,2,1,547905,548275,370,1,RECEIVED
2df7fe_4_0_0,0x2df7fe,7,4,0,0,548185,548375,190,7,RECEIVED
457fb6_0_3_1,0x457fb6,8,0,3,1,548355,548635,280,2,RECEIVED
90c36_5_4_0,0x90c36,9,5,4,0,548525,548625,100,11,RECEIVED
64562f_2_0_0,0x64562f,10,2,0,0,548675,549045,370,5,RECEIVED
1811b3_5_2_1,0x1811b3,11,5,2,1,548955,549055,100,9,RECEIVED
37e314_2_5_0,0x37e314,12,2,5,0,549095,549375,280,13,RECEIVED
4b949f_3_5_0,0x4b949f,13,3,5,0,549275,549465,190,14,RECEIVED
3acb09_0_1_0,0x3acb09,14,0,1,0,549485,549885,400,0,RECEIVED
677aa4_4_0_0,0x677aa4,15,4,0,0,549745,549935,190,7,RECEIVED
26f27a_0_4_0,0x26f27a,0,0,4,0,549925,550295,370,3,RECEIVED
64852a_3_5_0,0x64852a,1,3,5,0,550195,550385,190,14,RECEIVED
7e2e42_3_0_0,0x7e2e42,2,3,0,0,550365,550645,280,6,RECEIVED
63c5ab_1_5_1,0x63c5ab,3,1,5,1,550545,550855,310,12,RECEIVED
51078f_3_5_0,0x51078f,4,3,5,0,550665,550855,190,14,RECEIVED
6e368a_4_5_0,0x6e368a,5,4,5,0,550825,550925,100,15,RECEIVED
5af282_0_1_0,0x5af282,6,0,1,0,551105,551565,460,0,RECEIVED
19cbc4_3_5_1,0x19cbc4,7,3,5,1,551325,551455,130,14,RECEIVED
1f9169_1_0_0,0x1f9169,8,1,0,0,551435,551895,460,4,RECEIVED
75d543_5_1_1,0x75d543,9,5,1,1,551575,551805,230,8,RECEIVED
61ce90_0_4_1,0x61ce90,10,0,4,1,551715,551955,240,3,RECEIVED
e94bf_0_2_0,0xe94bf,11,0,2,0,551995,552395,400,1,RECEIVED
56f45e_2_0_1,0x56f45e,12,2,0,1,552175,552575,400,5,RECEIVED
4fb964_4_5_0,0x4fb964,13,4,5,0,552365,552375,10,15,RECEIVED
711e0f_5_1_1,0x711e0f,14,5,1,1,552555,552835,280,8,RECEIVED
45bfd7_0_1_1,0x45bfd7,15,0,1,1,552665,553235,570,0,RECEIVED
52dc13_0_2_0,0x52dc13,0,0,2,0,552755,553085,330,1,RECEIVED
a41e1_5_3_1,0xa41e1,1,5,3,1,552975,553075,100,10,RECEIVED
5dc2fa_1_0_1,0x5dc2fa,2,1,0,1,553205,553755,550,4,RECEIVED
50e963_5_2_1,0x50e963,3,5,2,1,553455,553645,190,9,RECEIVED
5885b1_1_5_1,0x5885b1,4,1,5,1,553715,553995,280,12,RECEIVED
6cc12f_1_5_1,0x6cc12f,5,1,5,1,553855,554135,280,12,RECEIVED
5a936d_4_5_1,0x5a936d,6,4,5,1,553945,553955,10,15,RECEIVED
4100f4_1_5_1,0x4100f4,7,1,5,1,554205,554485,280,12,RECEIVED
47b15a_3_5_1,0x47b15a,8,3,5,1,554395,554495,100,14,RECEIVED
3ff3e5_0_4_0,0x3ff3e5,9,0,4,0,554595,554875,280,3,RECEIVED
99fe2_0_3_1,0x99fe2,10,0,3,1,554835,555205,370,2,RECEIVED
f5bc6_5_1_0,0xf5bc6,11,5,1,0,554985,555265,280,8,RECEIVED
47401c_4_5_1,0x47401c,12,4,5,1,555265,555275,10,15,RECEIVED
7069c2_5_1_1,0x7069c2,13,5,1,1,555555,555835,280,8,RECEIVED
533a1b_4_0_0,0x533a1b,14,4,0,0,555705,555985,280,7,RECEIVED
320dda_0_1_0,0x320dda,15,0,1,0,555975,556405,430,0,RECEIVED
f3067_3_0_0,0xf3067,0,3,0,0,556255,556625,370,6,RECEIVED
195163_2_0_1,0x195163,1,2,0,1,556345,556765,420,5,RECEIVED
34aebf_1_0_0,0x34aebf,2,1,0,0,556635,557125,490,4,RECEIVED
7957f4_5_4_1,0x7957f4,3,5,4,1,556815,556825,10,11,RECEIVED
7ec5a2_1_5_0,0x7ec5a2,4,1,5,0,556965,557245,280,12,RECEIVED
28444d_4_0_1,0x28444d,5,4,0,1,557235,557515,280,7,RECEIVED
6e8cb2_2_0_1,0x6e8cb2,6,2,0,1,557415,557855,440,5,RECEIVED
335ac6_5_3_0,0x335ac6,7,5,3,0,557665,557955,290,10,RECEIVED
41a53a_2_5_0,0x41a53a,8,2,5,0,557865,557925,60,13,RECEIVED
4e4863_4_0_1,0x4e4863,9,4,0,1,558155,558535,380,7,RECEIVED
7ee12a_1_0_1,0x7ee12a,10,1,0,1,558395,558655,260,4,RECEIVED
71c976_3_5_0,0x71c976,11,3,5,0,558655,558845,190,14,RECEIVED
221e37_2_5_0,0x221e37,12,2,5,0,558765,558865,100,13,RECEIVED
4fb9cd_3_0_0,0x4fb9cd,13,3,0,0,558955,559355,400,6,RECEIVED
31ef4_5_3_0,0x31ef4,14,5,3,0,559235,559585,350,10,RECEIVED
5d2de3_5_3_1,0x5d2de3,15,5,3,1,559405,559715,310,10,RECEIVED
5e2fdb_3_0_0,0x5e2fdb,0,3,0,0,559535,559995,460,6,RECEIVED
91ea1_5_2_0,0x91ea1,1,5,2,0,559755,560135,380,9,RECEIVED
1e9ad2_1_5_1,0x1e9ad2,2,1,5,1,559905,559915,10,12,RECEIVED
399f7d_0_1_0,0x399f7d,3,0,1,0,560055,560335,280,0,RECEIVED
476d65_1_0_1,0x476d65,4,1,0,1,560215,560495,280,4,RECEIVED
7f7703_0_4_1,0x7f7703,5,0,4,1,560435,560445,10,3,RECEIVED
5c7285_5_2_0,0x5c7285,6,5,2,0,560685,561145,460,9,RECEIVED
23f62f_3_5_1,0x23f62f,7,3,5,1,560805,0,0,-1,LOST
191f08_2_5_0,0x191f08,8,2,5,0,560895,560905,10,13,RECEIVED
467b23_3_5_0,0x467b23,9,3,5,0,561115,561305,190,14,RECEIVED
494ca4_0_4_0,0x494ca4,10,0,4,0,561245,561255,10,3,RECEIVED
45f9c7_0_3_1,0x45f9c7,11,0,3,1,561355,561455,100,2,RECEIVED
4086cf_5_3_0,0x4086cf,12,5,3,0,561565,561915,350,10,RECEIVED
4b0fb6_5_3_1,0x4b0fb6,13,5,3,1,561665,561975,310,10,RECEIVED
7c1093_0_4_1,0x7c1093,14,0,4,1,561795,561805,10,3,RECEIVED
27f122_3_0_1,0x27f122,15,3,0,1,561915,562195,280,6,RECEIVED
21d504_1_5_1,0x21d504,0,1,5,1,562165,562175,10,12,RECEIVED
3bd224_5_4_0,0x3bd224,1,5,4,0,562265,562545,280,11,RECEIVED
75ee7a_0_2_1,0x75ee7a,2,0,2,1,562495,562685,190,1,RECEIVED
5832d_3_0_1,0x5832d,3,3,0,1,562645,563105,460,6,RECEIVED
520fbf_5_1_0,0x520fbf,4,5,1,0,562825,563335,510,8,RECEIVED
4ef91f_0_3_0,0x4ef91f,5,0,3,0,563065,563165,100,2,RECEIVED
79d53f_5_2_0,0x79d53f,6,5,2,0,563355,563795,440,9,RECEIVED
b76b_2_5_1,0xb76b,7,2,5,1,563575,563675,100,13,RECEIVED
22f73e_0_1_0,0x22f73e,8,0,1,0,563835,564115,280,0,RECEIVED
3b46a5_1_5_1,0x3b46a5,9,1,5,1,563965,563975,10,12,RECEIVED
39b859_5_2_0,0x39b859,10,5,2,0,564075,564535,460,9,RECEIVED
18a35d_3_0_0,0x18a35d,11,3,0,0,564295,564755,460,6,RECEIVED
5b865b_0_1_1,0x5b865b,12,0,1,1,564385,564675,290,0,RECEIVED
5fb4a4_0_3_1,0x5fb4a4,13,0,3,1,564605,564705,100,2,RECEIVED
5a5d82_3_5_1,0x5a5d82,14,3,5,1,564785,564975,190,14,RECEIVED
16cae8_3_0_0,0x16cae8,15,3,0,0,565015,565475,460,6,RECEIVED
36d2d0_4_0_1,0x36d2d0,0,4,0,1,565235,565665,430,7,RECEIVED
1de27e_0_3_0,0x1de27e,1,0,3,0,565455,565555,100,2,RECEIVED
1e198a_4_0_0,0x1e198a,2,4,0,0,565605,566135,530,7,RECEIVED
7b545e_5_2_1,0x7b545e,3,5,2,1,565785,566245,460,9,RECEIVED
579f13_5_2_1,0x579f13,4,5,2,1,565915,566375,460,9,RECEIVED
2a9779_5_4_0,0x2a9779,5,5,4,0,566105,566385,280,11,RECEIVED
4f648b_2_5_0,0x4f648b,6,2,5,0,566285,566385,100,13,RECEIVED
2606e9_0_4_0,0x2606e9,7,0,4,0,566495,566505,10,3,RECEIVED
342fbd_2_0_1,0x342fbd,8,2,0,1,566715,567145,430,5,RECEIVED
416ca7_1_0_0,0x416ca7,9,1,0,0,566805,566935,130,4,RECEIVED
5c53a4_4_0_1,0x5c53a4,10,4,0,1,567065,567465,400,7,RECEIVED
371d23_5_4_0,0x371d23,11,5,4,0,567325,567515,190,11,RECEIVED
1da7b9_3_0_0,0x1da7b9,12,3,0,0,567585,567955,370,6,RECEIVED
d90e1_5_2_1,0xd90e1,13,5,2,1,567835,568205,370,9,RECEIVED
58ee26_0_3_1,0x58ee26,14,0,3,1,567945,568125,180,2,RECEIVED
466a49_0_1_0,0x466a49,15,0,1,0,568195,568565,370,0,RECEIVED
234b46_0_4_1,0x234b46,0,0,4,1,568375,568475,100,3,RECEIVED
654ecd_5_4_0,0x654ecd,1,5,4,0,568655,568845,190,11,RECEIVED
347578_5_1_0,0x347578,2,5,1,0,568745,569185,440,8,RECEIVED
249a4f_5_1_0,0x249a4f,3,5,1,0,568985,569445,460,8,RECEIVED
1ac817_1_5_1,0x1ac817,4,1,5,1,569135,569235,100,12,RECEIVED
5f96e5_0_2_1,0x5f96e5,5,0,2,1,569315,569595,280,1,RECEIVED
2f7ce5_5_1_0,0x2f7ce5,6,5,1,0,569465,569925,460,8,RECEIVED
2fb7fd_5_4_1,0x2fb7fd,7,5,4,1,569705,569895,190,11,RECEIVED
19576e_0_3_1,0x19576e,8,0,3,1,569815,570005,190,2,RECEIVED
7f1e6a_4_0_1,0x7f1e6a,9,4,0,1,569965,570365,400,7,RECEIVED
5ad81d_0_2_0,0x5ad81d,10,0,2,0,570105,570325,220,1,RECEIVED
31e943_5_3_0,0x31e943,11,5,3,0,570295,570535,240,10,RECEIVED
a5ac5_3_5_1,0xa5ac5,12,3,5,1,570405,570505,100,14,RECEIVED
44f944_2_0_0,0x44f944,13,2,0,0,570565,570845,280,5,RECEIVED
301c6d_0_2_1,0x301c6d,14,0,2,1,570695,570955,260,1,RECEIVED
7c0e67_0_3_0,0x7c0e67,15,0,3,0,570895,571025,130,2,RECEIVED
f43cf_3_0_1,0xf43cf,0,3,0,1,571065,571255,190,6,RECEIVED
4e9db8_4_0_1,0x4e9db8,1,4,0,1,571295,571695,400,7,RECEIVED
538476_0_2_1,0x538476,2,0,2,1,571475,571735,260,1,RECEIVED
779609_5_2_0,0x779609,3,5,2,0,571675,572005,330,9,RECEIVED
373f07_5_3_0,0x373f07,4,5,3,0,571825,572065,240,10,RECEIVED
51236a_3_5_1,0x51236a,5,3,5,1,571915,572015,100,14,RECEIVED
4b513e_4_0_0,0x4b513e,6,4,0,0,572205,572625,420,7,RECEIVED
759837_2_0_1,0x759837,7,2,0,1,572495,572775,280,5,RECEIVED
1f87aa_0_4_0,0x1f87aa,8,0,4,0,572595,572695,100,3,RECEIVED
7f86f9_3_5_1,0x7f86f9,9,3,5,1,572755,572855,100,14,RECEIVED
452df7_1_5_1,0x452df7,10,1,5,1,572945,573045,100,12,RECEIVED
1f3b12_0_2_0,0x1f3b12,11,0,2,0,573185,573405,220,1,RECEIVED
2e4472_4_0_0,0x2e4472,12,4,0,0,573375,573805,430,7,RECEIVED
61ad99_4_0_1,0x61ad99,13,4,0,1,573485,573845,360,7,RECEIVED
42cc05_1_0_0,0x42cc05,14,1,0,0,573765,574135,370,4,RECEIVED
7ad3df_5_3_1,0x7ad3df,15,5,3,1,573875,574155,280,10,RECEIVED
7f08fb_5_4_0,0x7f08fb,0,5,4,0,573965,574165,200,11,RECEIVED
7e1ebc_1_0_0,0x7e1ebc,1,1,0,0,574145,574515,370,4,RECEIVED
3b7f69_3_0_0,0x3b7f69,2,3,0,0,574405,574775,370,6,RECEIVED
243cc6_0_4_1,0x243cc6,3,0,4,1,574555,574655,100,3,RECEIVED
7b18b9_0_1_0,0x7b18b9,4,0,1,0,574725,575095,370,0,RECEIVED
9258_1_0_0,0x9258,5,1,0,0,574925,575295,370,4,RECEIVED
49234e_5_4_0,0x49234e,6,5,4,0,575085,575275,190,11,RECEIVED
63cc2a_5_1_0,0x63cc2a,7,5,1,0,575325,575765,440,8,RECEIVED
27c18d_0_2_1,0x27c18d,8,0,2,1,575435,575695,260,1,RECEIVED
412cc5_2_5_0,0x412cc5,9,2,5,0,575595,575605,10,13,RECEIVED
7bd5e_2_5_1,0x7bd5e,10,2,5,1,575705,575715,10,13,RECEIVED
2178b6_0_4_1,0x2178b6,11,0,4,1,575955,576135,180,3,RECEIVED
cc67a_4_5_0,0xcc67a,12,4,5,0,576205,576305,100,15,RECEIVED
287ea3_5_4_0,0x287ea3,13,5,4,0,576395,576495,100,11,RECEIVED
354a92_4_5_1,0x354a92,14,4,5,1,576555,576655,100,15,RECEIVED
4126cc_3_0_0,0x4126cc,15,3,0,0,576725,576825,100,6,RECEIVED
644b78_4_5_0,0x644b78,0,4,5,0,576815,576915,100,15,RECEIVED
63b916_5_3_1,0x63b916,1,5,3,1,577055,577245,190,10,RECEIVED
7343e3_4_0_0,0x7343e3,2,4,0,0,577285,577655,370,7,RECEIVED
7486e5_2_5_1,0x7486e5,3,2,5,1,577465,577565,100,13,RECEIVED
622045_3_5_1,0x622045,4,3,5,1,577725,577735,10,14,RECEIVED
5d5751_0_1_1,0x5d5751,5,0,1,1,577915,578355,440,0,RECEIVED
8f4a3_0_1_0,0x8f4a3,6,0,1,0,578175,578515,340,0,RECEIVED
44071_0_1_0,0x44071,7,0,1,0,578295,578755,460,0,RECEIVED
2dc5_0_3_0,0x2dc5,8,0,3,0,578415,578575,160,2,RECEIVED
678ea7_1_5_0,0x678ea7,9,1,5,0,578605,578795,190,12,RECEIVED
433ad7_3_5_0,0x433ad7,10,3,5,0,578745,578755,10,14,RECEIVED
2399c_3_5_0,0x2399c,11,3,5,0,578835,578845,10,14,RECEIVED
7ff408_1_0_1,0x7ff408,12,1,0,1,578935,579355,420,4,RECEIVED
438893_2_0_1,0x438893,13,2,0,1,579225,579555,330,5,RECEIVED
5476e3_0_2_1,0x5476e3,14,0,2,1,579455,579825,370,1,RECEIVED
51bceb_0_1_0,0x51bceb,15,0,1,0,579715,580025,310,0,RECEIVED
6d0022_0_3_1,0x6d0022,0,0,3,1,579935,580295,360,2,RECEIVED
6ed860_0_2_1,0x6ed860,1,0,2,1,580025,580485,460,1,RECEIVED
650032_4_5_0,0x650032,2,4,5,0,580215,580225,10,15,RECEIVED
77c6f2_0_3_1,0x77c6f2,3,0,3,1,580475,580845,370,2,RECEIVED
c1dcc_1_0_1,0xc1dcc,4,1,0,1,580675,581205,530,4,RECEIVED
3557dc_4_5_0,0x3557dc,5,4,5,0,580935,580945,10,15,RECEIVED
3f1374_5_2_1,0x3f1374,6,5,2,1,581085,581275,190,9,RECEIVED
2e2778_5_3_1,0x2e2778,7,5,3,1,581225,581325,100,10,RECEIVED
750a7f_5_3_0,0x750a7f,8,5,3,0,581515,581615,100,10,RECEIVED
4708e9_1_5_1,0x4708e9,9,1,5,1,581775,582055,280,12,RECEIVED
384864_0_3_0,0x384864,10,0,3,0,581965,582155,190,2,RECEIVED
5912ad_1_5_1,0x5912ad,11,1,5,1,582055,582335,280,12,RECEIVED
2720f3_1_0_1,0x2720f3,12,1,0,1,582285,582815,530,4,RECEIVED
162dc2_3_0_0,0x162dc2,13,3,0,0,582385,582755,370,6,RECEIVED
6eac42_0_1_0,0x6eac42,14,0,1,0,582675,583165,490,0,RECEIVED
4afef7_5_1_0,0x4afef7,15,5,1,0,582935,583215,280,8,RECEIVED
7c2191_5_2_1,0x7c2191,0,5,2,1,583065,583255,190,9,RECEIVED
4ae477_0_4_1,0x4ae477,1,0,4,1,583295,583575,280,3,RECEIVED
7b74ac_2_0_1,0x7b74ac,2,2,0,1,583455,583875,420,5,RECEIVED
132394_3_0_0,0x132394,3,3,0,0,583625,583995,370,6,RECEIVED
3ed825_0_2_0,0x3ed825,4,0,2,0,583785,584065,280,1,RECEIVED
600e3a_5_2_0,0x600e3a,5,5,2,0,583985,584175,190,9,RECEIVED
1cd7d2_5_1_0,0x1cd7d2,6,5,1,0,584105,584385,280,8,RECEIVED
600c7_5_2_1,0x600c7,7,5,2,1,584235,584425,190,9,RECEIVED
4c211_5_4_0,0x4c211,8,5,4,0,584355,584365,10,11,RECEIVED
c4ca5_1_5_0,0xc4ca5,9,1,5,0,584495,584775,280,12,RECEIVED
402368_5_2_1,0x402368,10,5,2,1,584665,584855,190,9,RECEIVED
b0a76_5_2_0,0xb0a76,11,5,2,0,584905,585095,190,9,RECEIVED
6f8f8_5_4_1,0x6f8f8,12,5,4,1,585155,585165,10,11,RECEIVED
357fa1_2_0_1,0x357fa1,13,2,0,1,585445,585885,440,5,RECEIVED
21cfb9_0_4_0,0x21cfb9,14,0,4,0,585615,585895,280,3,RECEIVED
11ef72_2_5_0,0x11ef72,15,2,5,0,585855,586045,190,13,RECEIVED
35cd7c_3_0_0,0x35cd7c,0,3,0,0,586065,586435,370,6,RECEIVED
28aaa9_1_5_1,0x28aaa9,1,1,5,1,586235,586515,280,12,RECEIVED
285928_5_1_1,0x285928,2,5,1,1,586405,586685,280,8,RECEIVED
96e24_3_5_0,0x96e24,3,3,5,0,586495,586595,100,14,RECEIVED
3d5a1e_3_0_1,0x3d5a1e,4,3,0,1,586715,587025,310,6,RECEIVED
4f5a17_0_3_1,0x4f5a17,5,0,3,1,586825,587195,370,2,RECEIVED
6a229f_3_0_1,0x6a229f,6,3,0,1,586965,0,0,-1,LOST
54f30d_2_5_1,0x54f30d,7,2,5,1,587055,587155,100,13,RECEIVED
3ad021_0_3_0,0x3ad021,8,0,3,0,587275,587465,190,2,RECEIVED
21f39e_1_5_1,0x21f39e,9,1,5,1,587365,587645,280,12,RECEIVED
53598f_5_2_0,0x53598f,10,5,2,0,587475,587665,190,9,RECEIVED
2fc45a_5_1_0,0x2fc45a,11,5,1,0,587665,587945,280,8,RECEIVED
7950ab_0_4_1,0x7950ab,12,0,4,1,587785,588065,280,3,RECEIVED
29ae95_3_5_0,0x29ae95,13,3,5,0,587945,588045,100,14,RECEIVED
5957ba_4_5_0,0x5957ba,14,4,5,0,588235,588245,10,15,RECEIVED
413a03_0_2_1,0x413a03,15,0,2,1,588335,588755,420,1,RECEIVED
72c316_1_5_0,0x72c316,0,1,5,0,588625,588905,280,12,RECEIVED


=== SUMMARY ===
Metric,Value
TotalPacketsFromDrivers,3105
TotalPacketsReceived,3089
TotalPacketsLost,16
SuccessRate,99.48%

=== AVERAGE LATENCY PER TERMINAL ===
Terminal,AvgLatency,ReceivedPackets
Terminal_0,261,198
Terminal_1,240,168
Terminal_2,225,200
Terminal_3,276,187
Terminal_4,263,201
Terminal_5,223,179
Terminal_6,235,205
Terminal_7,263,188
Terminal_8,260,197
Terminal_9,228,193
Terminal_10,247,210
Terminal_11,266,186
Terminal_12,278,203
Terminal_13,229,183
Terminal_14,222,193
Terminal_15,255,198

=== TEST INFORMATION ===
ExpectedPackets,3105
ActualReceived,3089
CompletionStatus,FORCED
